Горячее водоснабжение,Тип перекрытий,Этаж,Год постройки,Количество балконов,Лифт,Количество этажей,Цена за квадрат,Количество собственников,Прописано,Кухня,Количество квартир,Материал стен,Ссылка,Несовершеннолетние собственники,Количество подъездов,Тип фундамента,Цена,Класс энергоэффективности,Тип сделки,Мусоропровод,Балкон,Ремонт,Комнат,Высота потолков,Лет в собственности,Газ,Количество лифтов,Район,Площадь,Перепланировка,Грузовой лифт,Детская площадка,Прописанные несовершеннолетние,Серия дома,Жилая,Санузел,Вид из окон
,,7,2022,1,,17,104109₽/м²,,,10 м2,,Панельный,https://domclick.ru/card/sale__flat__1950146995,,,,3800000₽,,Свободная продажа,есть,,Дизайнерский,1,2.7,,,1,дзержинский,"36,5 м2",,,,,,20 м2,,на улицу
,Железобетонный,8,1977,,есть,9,56475₽/м²,,,8 м2,,Панельный,https://domclick.ru/card/sale__flat__2058285133,,,,3750000₽,,Свободная продажа,,нет,Требует ремонта,3,2.7,,есть,1,дзержинский,"66,4 м2",,,,,121,57 м2,,"во двор, на улицу"
,,6,2016,,есть,19,97247₽/м²,,,10 м2,469,Панельный,https://domclick.ru/card/sale__flat__2058008906,,,,5300000₽,,Свободная продажа,,нет,,2,,,нет,1,дзержинский,"54,5 м2",,нет,,,1-панельный,32 м2,,
,Железобетонный,10,2003,2,есть,14,58947₽/м²,1,,,,Монолитный,https://domclick.ru/card/sale__flat__2058805452,нет,,,5600000₽,,Свободная продажа,,,Дизайнерский,3,,Меньше трех,есть,,дзержинский,95 м2,нет,нет,,нет,а монолитный,,Раздельный,во двор
Центральное,Железобетонный,6,2024,1,,17,87727₽/м²,1,,,,Панельный,https://domclick.ru/card/sale__flat__2059109838,нет,,,1930000₽,,Свободная продажа,,,Без ремонта,,,Меньше трех,нет,2,дзержинский,22 м2,нет,нет,,нет,,"11,6 м2",Совмещенный,во двор
Закрытая с приготовлением горячей воды на ЦТП,Железобетонный,5,1973,1,,5,82500₽/м²,,,"6,4 м2",,Кирпичный,https://domclick.ru/card/sale__flat__1956375538,,,Ленточный,3300000₽,,Свободная продажа,,,косметический,2,,,есть,,дзержинский,40 м2,,,,,,"26,6 м2",,во двор
,Железобетонный,2,2005,1,есть,9,110263₽/м²,,,12 м2,,Кирпичный,https://domclick.ru/card/sale__flat__2057773909,,,,4190000₽,,Свободная продажа,,,Хороший,1,,,есть,1,дзержинский,38 м2,,,,,01-пз индивидуальный проект,20 м2,,на улицу
,Железобетонный,1,1974,,,5,67100₽/м²,,,5 м2,,Панельный,https://domclick.ru/card/sale__flat__2059434600,,,Ленточный,4120000₽,,Свободная продажа,,нет,Евро,3,,,есть,,дзержинский,"61,4 м2",,нет,,,1-464,48 м2,Раздельный,во двор
,Железобетонный,2,1975,,,5,107947₽/м²,,,6 м2,,Панельный,https://domclick.ru/card/sale__flat__2059189299,нет,,Ленточный,3260000₽,,Свободная продажа,,нет,Евро,1,,,есть,,дзержинский,"30,2 м2",нет,нет,,нет,1-464А,16 м2,Совмещенный,во двор
,,13,2014,3,есть,13,89847₽/м²,,,,188,Кирпичный,https://domclick.ru/card/sale__flat__2059532919,нет,,,10000000₽,,Свободная продажа,,,Евро,4,2.7,,нет,1,дзержинский,"111,3 м2",нет,нет,,нет,01-пз индивидуальный проект,70 м2,Раздельный,
,Железобетонный,8,1980,1,есть,2,66969₽/м²,1,,12 м2,,Панельный,https://domclick.ru/card/sale__flat__2059491873,нет,,,4420000₽,,Свободная продажа,есть,,Косметический,3,2.7,Больше пяти,есть,1,дзержинский,66 м2,нет,нет,,нет,111-90 (90),48 м2,Раздельный,во двор
,Железобетонный,2,1986,,есть,14,84010₽/м²,1,,9 м2,,Кирпичный,https://domclick.ru/card/sale__flat__2057027698,нет,,,3100000₽,,Свободная продажа,,нет,Без ремонта,1,,,нет,2,дзержинский,"36,9 м2",нет,нет,,нет,Э-93,18 м2,Раздельный,
,Железобетонный,1,1981,1,есть,9,68000₽/м²,1,1,,,Панельный,https://domclick.ru/card/sale__flat__2059076803,нет,,,3400000₽,,Свободная продажа,,,Косметический,2,,,есть,1,дзержинский,50 м2,нет,нет,,нет,1-панельный,29 м2,Раздельный,
,Железобетонный,1,1975,,,5,107213₽/м²,,,6 м2,,Панельный,https://domclick.ru/card/sale__flat__2059189065,нет,,Ленточный,3270000₽,,Свободная продажа,,нет,Косметический,1,,,есть,,дзержинский,"30,5 м2",нет,нет,,нет,1-464А,15 м2,Совмещенный,во двор
,Железобетонный,3,1975,,есть,9,67137₽/м²,,,6 м2,,Кирпичный,https://domclick.ru/card/sale__flat__2058811161,,,Бетонные столбы,1900000₽,,Свободная продажа,,нет,,2,,,,2,дзержинский,"28,3 м2",,,,,,17 м2,,во двор
,,9,2021,2,,17,88397₽/м²,,,12 м2,,Панельный,https://domclick.ru/card/sale__flat__2059577565,нет,,,6400000₽,,Свободная продажа,,,Евро,3,2.7,,нет,,дзержинский,"72,4 м2",нет,нет,,нет,,45 м2,Раздельный,во двор
,Железобетонный,4,1986,1,есть,9,56679₽/м²,1,,"8,3 м2",,Панельный,https://domclick.ru/card/sale__flat__2056623098,нет,,,2970000₽,,Свободная продажа,,,Косметический,2,,,есть,1,дзержинский,"52,4 м2",нет,нет,,нет,1-панельный,34 м2,Раздельный,
,Железобетонный,1,1977,1,,5,70192₽/м²,2,,10 м2,,Панельный,https://domclick.ru/card/sale__flat__2056930663,,,Ленточный,3650000₽,,Свободная продажа,,,Евро,2,2.7,Меньше трех,есть,,дзержинский,52 м2,,нет,,,111-90 (90),35 м2,Раздельный,во двор
,,15,2025,1,,17,91041₽/м²,1,,"20,4 м2",,Монолитный,https://domclick.ru/card/sale__flat__2058404493,нет,,,8071700₽,,Свободная продажа,,,Без ремонта,3,,Меньше трех,нет,2,дзержинский,"88,7 м2",нет,нет,,нет,,"43,2 м2",Раздельный,во двор
,Железобетонный,4,1995,2,есть,10,61494₽/м²,,,,,Панельный,https://domclick.ru/card/sale__flat__2058897832,,,Бетонные столбы,5350000₽,,Свободная продажа,,,Косметический,4,,,есть,1,дзержинский,87 м2,,нет,,,,,Раздельный,"во двор, на улицу"
Центральное,Железобетонный,16,2023,1,,17,77525₽/м²,,,14 м2,204,Панельный,https://domclick.ru/card/sale__flat__2058908437,,,,4574000₽,,Свободная продажа,,,,2,,,,,дзержинский,59 м2,,,,,,39 м2,,
,Железобетонный,3,1972,,,5,60090₽/м²,,,"5,8 м2",90,Панельный,https://domclick.ru/card/sale__flat__2058251966,,,,2650000₽,,Свободная продажа,,нет,Требует ремонта,2,2.75,,есть,,дзержинский,"44,1 м2",,,,,1-464А,30 м2,,во двор
,Железобетонный,4,1972,1,,5,73803₽/м²,1,,6 м2,,Панельный,https://domclick.ru/card/sale__flat__1904017892,нет,,Ленточный,3299000₽,,Свободная продажа,,,Косметический,2,2.3,Больше пяти,есть,,дзержинский,"44,7 м2",нет,нет,,нет,а-литер,28 м2,Раздельный,"во двор, на улицу"
,,8,,1,,17,101306₽/м²,,,11 м2,,Панельный,https://domclick.ru/card/sale__flat__2059210355,,,,3799000₽,,Свободная продажа,,,,1,2.8,,,1,дзержинский,"37,5 м2",,,,,,"26,5 м2",,во двор
,,8,2016,1,есть,12,83750₽/м²,1,,12 м2,180,Панельный,https://domclick.ru/card/sale__flat__2057467336,нет,,,3350000₽,,Свободная продажа,,,Косметический,1,,Больше пяти,нет,3,дзержинский,40 м2,нет,есть,,нет,1-панельный,19 м2,Совмещенный,во двор
,,4,,,,15,101000₽/м²,,,"20,6 м2",,Кирпичный,https://domclick.ru/card/sale__flat__2058251975,,,,5922640₽,,Свободная продажа,,нет,Требует ремонта,3,3,,,1,дзержинский,"58,6 м2",,,,,,30 м2,,во двор
,Железобетонный,11,2019,1,есть,18,72792₽/м²,,,"9,9 м2",305,Панельный,https://domclick.ru/card/sale__flat__1884987230,,,,2654000₽,,Переуступка,,,,1,2.8,,,1,дзержинский,"36,5 м2",,,,,,"36,5 м2",,
Центральное,Железобетонный,12,2024,1,,17,86290₽/м²,,,"12,6 м2",,Панельный,https://domclick.ru/card/sale__flat__1909630698,,,,5350000₽,,,,,Евро,2,,,,,дзержинский,62 м2,,,,,,,,
Центральное,Железобетонный,17,2022,1,,17,77181₽/м²,,,10 м2,423,Панельный,https://domclick.ru/card/sale__flat__2057218237,,,,4600000₽,,Свободная продажа,,,Требует ремонта,2,,,нет,1,дзержинский,"59,6 м2",,,,,,"49,6 м2",,во двор
,Железобетонный,3,1988,1,есть,9,89812₽/м²,,,12 м2,,Панельный,https://domclick.ru/card/sale__flat__2059473522,,,,3350000₽,,Свободная продажа,,,Хороший,1,,,есть,,дзержинский,"37,3 м2",,,,,97 (111-97),18 м2,,во двор
Центральное,Железобетонный,15,2023,,,17,102339₽/м²,,,11 м2,204,Панельный,https://domclick.ru/card/sale__flat__2058251988,,,,3500000₽,,Свободная продажа,,нет,евроремонт,1,,,,1,дзержинский,"34,2 м2",,,,,,16 м2,,во двор
,Железобетонный,7,2023,1,,20,83750₽/м²,,,"9,8 м2",,Монолитный,https://domclick.ru/card/sale__flat__2056537037,,,,3350000₽,,Свободная продажа,,,,1,,,,,дзержинский,40 м2,,,,,,"21,4 м2",,
,,9,1975,1,,9,67175₽/м²,,,"7,4 м2",,Панельный,https://domclick.ru/card/sale__flat__2056656779,,,,4400000₽,,Свободная продажа,есть,,Косметический ремонт,3,,,есть,1,дзержинский,"65,5 м2",,,,,,"42,7 м2",,
,Железобетонный,6,1994,1,есть,9,86267₽/м²,,,8 м2,,Панельный,https://domclick.ru/card/sale__flat__2058718970,нет,,Ленточный,2450000₽,,Свободная продажа,,,Косметический,1,,Меньше трех,есть,1,дзержинский,"28,4 м2",нет,нет,,нет,,16 м2,Совмещенный,
Центральное,Железобетонный,10,2024,1,,17,108333₽/м²,1,,12 м2,,Панельный,https://domclick.ru/card/sale__flat__2058905405,,,,6500000₽,,Свободная продажа,,,Дизайнерский,3,,Меньше трех,нет,2,дзержинский,60 м2,,есть,,,,40 м2,Совмещенный,во двор
,Железобетонный,4,1991,1,есть,10,70243₽/м²,,,9 м2,179,Панельный,https://domclick.ru/card/sale__flat__2057276264,нет,,,2599000₽,,Свободная продажа,,,Косметический,1,,,есть,,дзержинский,37 м2,нет,нет,,нет,,19 м2,Совмещенный,
Центральное,Железобетонный,16,2023,2,,17,79413₽/м²,,,"10,4 м2",102,Панельный,https://domclick.ru/card/sale__flat__2059268131,,,,3208305₽,,Переуступка,,,Требует ремонта,1,2.7,,,1,дзержинский,"40,4 м2",,,,,,"15,1 м2",,во двор
,,5,2023,2,,17,100000₽/м²,,,10 м2,,Панельный,https://domclick.ru/card/sale__flat__2059155440,,,,3600000₽,,Свободная продажа,,,евроремонт,1,,,,1,дзержинский,36 м2,,,,,,16 м2,,во двор
,,4,,,,17,93750₽/м²,,,"10,5 м2",,Панельный,https://domclick.ru/card/sale__flat__2059355059,,,,3750000₽,,Свободная продажа,,нет,,1,2.8,,,1,дзержинский,40 м2,,,,,,"17,5 м2",,
,,3,2007,1,,12,86131₽/м²,,,"10,4 м2",,Кирпичный,https://domclick.ru/card/sale__flat__2058043385,,,,5900000₽,,Свободная продажа,,,косметический,2,2.8,,нет,1,дзержинский,"68,5 м2",,,,,,40 м2,,"во двор, на улицу"
Центральное,Железобетонный,10,2022,1,,17,98465₽/м²,,,10 м2,148,Панельный,https://domclick.ru/card/sale__flat__2059257003,,,,3850000₽,,Свободная продажа,,,,1,2.8,,,1,дзержинский,"39,1 м2",,,,,,18 м2,,
,Железобетонный,10,2016,1,есть,19,87044₽/м²,3,,"11,5 м2",,Панельный,https://domclick.ru/card/sale__flat__2057601793,нет,,,6450000₽,,Свободная продажа,,,Косметический,3,2.7,Больше пяти,нет,2,дзержинский,"74,1 м2",нет,нет,,нет,1-панельный,"43,1 м2",Раздельный,"во двор, на улицу, на парк"
,Железобетонный,3,1988,,есть,9,62486₽/м²,,,5 м2,,Кирпичный,https://domclick.ru/card/sale__flat__2057341085,,,Бетонные столбы,2080800₽,,Альтернатива,,нет,Отсутствует,1,,,,,дзержинский,"33,3 м2",,,,,,,,
,Железобетонный,8,1980,,есть,9,60000₽/м²,,,5 м2,,Кирпичный,https://domclick.ru/card/sale__flat__2057697274,,,,1080000₽,,Свободная продажа,,нет,,1,,,есть,1,дзержинский,18 м2,,,,,v-кирпичный,,,
Центральное,Железобетонный,7,2023,,,17,91875₽/м²,,,13 м2,132,Панельный,https://domclick.ru/card/sale__flat__2057217560,нет,,,7350000₽,,Свободная продажа,,нет,Косметический,3,,,нет,,дзержинский,80 м2,нет,нет,,нет,,49 м2,Совмещенный,во двор
,Железобетонный,4,1973,1,,5,65196₽/м²,2,2,"5,5 м2",,Панельный,https://domclick.ru/card/sale__flat__2058657836,нет,,Ленточный,3990000₽,,Свободная продажа,,,Косметический,3,2.7,Больше пяти,есть,,дзержинский,"61,2 м2",нет,нет,,нет,1-панельный,45 м2,Совмещенный,"во двор, на улицу"
,,6,,,,15,97995₽/м²,1,,,,Монолитный,https://domclick.ru/card/sale__flat__2056028533,нет,,,7919000₽,,Свободная продажа,,нет,,3,2.7,Меньше трех,,,дзержинский,"80,8 м2",нет,нет,,нет,,64 м2,,
,Железобетонный,11,2008,,есть,12,88105₽/м²,,,12 м2,,Кирпичный,https://domclick.ru/card/sale__flat__1816456994,,,,6000000₽,,Свободная продажа,есть,нет,,2,,,нет,1,дзержинский,"68,1 м2",,нет,,,01-пз индивидуальный проект,50 м2,,
Центральное,Железобетонный,5,1973,,,5,57166₽/м²,,,6 м2,,Панельный,https://domclick.ru/card/sale__flat__2058251896,,6,,3490000₽,,Свободная продажа,,нет,косметический,3,2.7,,есть,,дзержинский,61 м2,,,,,,45 м2,,"во двор, на улицу"
Центральное,Железобетонный,4,2019,,есть,17,90303₽/м²,,,9 м2,,Панельный,https://domclick.ru/card/sale__flat__2059480999,,,,2980000₽,,Свободная продажа,,нет,Требует ремонта,1,2.7,,,1,дзержинский,33 м2,,,,,,17 м2,,во двор
Центральное,Железобетонный,15,2023,2,,17,98630₽/м²,1,,12 м2,102,Панельный,https://domclick.ru/card/sale__flat__2056767361,нет,,,7200000₽,,Свободная продажа,,,Дизайнерский,3,2.7,,нет,,дзержинский,73 м2,нет,нет,,нет,,50 м2,Раздельный,во двор
,Железобетонный,10,2020,1,есть,19,106060₽/м²,,,10 м2,136,Панельный,https://domclick.ru/card/sale__flat__2059248684,,,,4200000₽,,Свободная продажа,,,,1,2.7,,,1,дзержинский,"39,6 м2",,,,,,20 м2,,во двор
,Железобетонный,12,2012,3,есть,13,88164₽/м²,,,15 м2,110,Кирпичный,https://domclick.ru/card/sale__flat__2059307002,,,,13930000₽,,Свободная продажа,,,,5,,,,1,дзержинский,158 м2,,,,,,75 м2,,на улицу
,,1,2015,,есть,19,89914₽/м²,,,11 м2,720,Панельный,https://domclick.ru/card/sale__flat__2058671468,,,,4190000₽,,Свободная продажа,,нет,,1,,,,,дзержинский,"46,6 м2",,,,,744.0.01 панельный,17 м2,,во двор
Центральное,Железобетонный,5,2018,1,есть,12,73333₽/м²,,,8 м2,,Монолитный,https://domclick.ru/card/sale__flat__1543495025,,,,3300000₽,,,,,Евро,2,,,,,дзержинский,45 м2,,,,,,28 м2,,
,Железобетонный,3,1976,,,5,69354₽/м²,,,6 м2,,Кирпичный,https://domclick.ru/card/sale__flat__2059306997,,,Ленточный,2150000₽,,Свободная продажа,,нет,,1,2.6,,есть,,дзержинский,31 м2,,,,,1-447,19 м2,,
Центральное,Железобетонный,10,2024,1,,17,104838₽/м²,,,17 м2,,Панельный,https://domclick.ru/card/sale__flat__2058886875,,,,6500000₽,,Свободная продажа,,,,2,,,,,дзержинский,62 м2,,,,,,,,
,Железобетонный,12,2019,1,есть,18,84677₽/м²,,,"12,4 м2",305,Панельный,https://domclick.ru/card/sale__flat__2057122123,,,,5250000₽,,Свободная продажа,,,евроремонт,2,2.7,,нет,1,дзержинский,62 м2,,,,,,,,"во двор, на улицу"
Центральное,Железобетонный,2,2023,1,,17,94250₽/м²,1,,"10,6 м2",132,Панельный,https://domclick.ru/card/sale__flat__2057915012,нет,,,3770000₽,,Свободная продажа,,,Дизайнерский,1,,,нет,3,дзержинский,40 м2,нет,есть,,нет,,"19,3 м2",Совмещенный,во двор
,Железобетонный,15,2019,1,есть,18,98571₽/м²,1,,3 м2,305,Панельный,https://domclick.ru/card/sale__flat__2059470080,нет,,,2070000₽,,Свободная продажа,,,Без ремонта,,,Меньше трех,нет,,дзержинский,21 м2,нет,нет,,нет,,11 м2,Совмещенный,во двор
,Железобетонный,1,1985,1,есть,9,96428₽/м²,,,7 м2,,Панельный,https://domclick.ru/card/sale__flat__1952155873,,,,2700000₽,,Свободная продажа,есть,,косметический,1,,,есть,1,дзержинский,28 м2,,,,,111-90 (90),12 м2,,во двор
,Железобетонный,4,1984,,есть,9,73170₽/м²,,,"10,4 м2",,Кирпичный,https://domclick.ru/card/sale__flat__2056904710,,,,3300000₽,,Свободная продажа,,нет,,2,,,,1,дзержинский,"45,1 м2",,,,,v-кирпичный,"22,8 м2",,на улицу
Центральное,Железобетонный,14,2018,1,есть,17,96578₽/м²,,,10 м2,,Монолитный,https://domclick.ru/card/sale__flat__2056599831,,,,3670000₽,,Свободная продажа,,,Дизайнерский,1,3,,,1,дзержинский,38 м2,,,,,,18 м2,,во двор
,Железобетонный,13,2013,1,есть,16,108064₽/м²,,,14 м2,,Кирпичный,https://domclick.ru/card/sale__flat__2058132085,нет,,,6700000₽,,Свободная продажа,,,Косметический,2,,,нет,,дзержинский,62 м2,нет,нет,,нет,01-пз индивидуальный проект,48 м2,Совмещенный,во двор
Центральное,Железобетонный,11,2019,1,,17,89393₽/м²,,,10 м2,458,Панельный,https://domclick.ru/card/sale__flat__1916570621,,,,2950000₽,,,,,Косметический,1,,,,,дзержинский,33 м2,,,,,,,,
,Железобетонный,2,1977,,есть,9,96000₽/м²,,,"9,7 м2",,Панельный,https://domclick.ru/card/sale__flat__2058456500,,,,5622720₽,,Свободная продажа,,нет,Требует ремонта,2,,,есть,1,дзержинский,"58,6 м2",,,,,121,"27,7 м2",,во двор
,,4,2025,,,17,101000₽/м²,,,10 м2,,Кирпично-монолитный,https://domclick.ru/card/sale__flat__2059437991,,,,5915570₽,,Переуступка,,нет,Требует ремонта,3,2.8,,,1,дзержинский,"58,6 м2",,,,,,"43,1 м2",,во двор
Центральное,Железобетонный,12,2024,1,,17,80487₽/м²,,,13 м2,,Панельный,https://domclick.ru/card/sale__flat__2059294591,нет,,,3300000₽,,Свободная продажа,,,Без ремонта,2,2.7,Меньше трех,нет,2,дзержинский,41 м2,нет,нет,,нет,,13 м2,Совмещенный,во двор
Центральное,Железобетонный,12,2024,1,,17,69935₽/м²,,,13 м2,,Панельный,https://domclick.ru/card/sale__flat__2055820061,,,,4350000₽,,Переуступка,,,,2,2.75,,,,дзержинский,"62,2 м2",,,,,,26 м2,,
Центральное,Железобетонный,5,2022,1,,14,98636₽/м²,,,5 м2,,Панельный,https://domclick.ru/card/sale__flat__2058734417,нет,,,2170000₽,,Свободная продажа,,,Косметический,,,,нет,,дзержинский,22 м2,нет,нет,,нет,,10 м2,Совмещенный,во двор
Центральное,Железобетонный,11,2023,1,,17,74585₽/м²,,,12 м2,132,Панельный,https://domclick.ru/card/sale__flat__2058732784,нет,,,4475120₽,,Свободная продажа,,,Без ремонта,2,2.7,,нет,,дзержинский,60 м2,нет,нет,,нет,,30 м2,Совмещенный,во двор
,Железобетонный,1,1972,,,5,81005₽/м²,,,"3,2 м2",151,Кирпичный,https://domclick.ru/card/sale__flat__2059171212,,,,1450000₽,,Свободная продажа,,нет,Косметический,1,,,нет,,дзержинский,"17,9 м2",,нет,,,v-кирпичный,"12,8 м2",Совмещенный,во двор
,Железобетонный,9,2019,1,есть,17,83673₽/м²,,,"16,7 м2",481,Панельный,https://domclick.ru/card/sale__flat__2058511413,,,,5330000₽,,Свободная продажа,,,,3,,,,,дзержинский,"63,7 м2",,,,,,47 м2,,во двор
,Железобетонный,4,1975,,,5,110561₽/м²,1,2,6 м2,,Панельный,https://domclick.ru/card/sale__flat__2059189512,нет,,Ленточный,3350000₽,,Свободная продажа,,нет,Евро,1,,Больше пяти,есть,,дзержинский,"30,3 м2",нет,нет,,нет,1-464А,16 м2,Совмещенный,во двор
,Железобетонный,3,1971,1,,5,77166₽/м²,,,,,Панельный,https://domclick.ru/card/sale__flat__2059557390,,,Ленточный,4630000₽,,Свободная продажа,,,Косметический,4,,,есть,,дзержинский,60 м2,,нет,,,1-464А,,Раздельный,
,,3,2020,1,,17,102597₽/м²,,,19 м2,,Панельный,https://domclick.ru/card/sale__flat__2057643803,,,,3950000₽,,Свободная продажа,,,,1,,,,1,дзержинский,"38,5 м2",,,,,,10 м2,,во двор
Центральное,Железобетонный,17,2018,,есть,17,99833₽/м²,,,10 м2,,Монолитный,https://domclick.ru/card/sale__flat__2058359466,,,,5990000₽,,Свободная продажа,,нет,евроремонт,2,2.8,,,1,дзержинский,60 м2,,,,,,40 м2,,во двор
Центральное,Железобетонный,8,2024,,,17,78596₽/м²,,,19 м2,,Панельный,https://domclick.ru/card/sale__flat__2057543808,,,,4480000₽,,Переуступка,,нет,,3,,,нет,,дзержинский,57 м2,,нет,,,,"25,2 м2",,
,Железобетонный,12,2006,1,есть,12,83536₽/м²,,,12 м2,,Кирпичный,https://domclick.ru/card/sale__flat__2059536253,,,,5480000₽,,Свободная продажа,,,Евро,2,,,нет,3,дзержинский,"65,6 м2",,есть,,,9323.3.00-32,,Раздельный,на улицу
,,8,,1,,17,93442₽/м²,,,"11,5 м2",,Панельный,https://domclick.ru/card/sale__flat__2049787594,,,,3420000₽,,,,,Евро,1,,,,,дзержинский,"36,6 м2",,,,,,,,
,Железобетонный,3,1985,1,есть,9,85758₽/м²,1,,"7,6 м2",,Панельный,https://domclick.ru/card/sale__flat__2059217940,,,,5600000₽,,Свободная продажа,,,Дизайнерский,3,2.5,Меньше трех,есть,1,дзержинский,"65,3 м2",,нет,,,1-ЛГ-602,45 м2,Раздельный,во двор
Центральное,Железобетонный,6,2022,,,17,83764₽/м²,,,"6,2 м2",423,Панельный,https://domclick.ru/card/sale__flat__1703772832,нет,,,2915000₽,,Переуступка,,нет,,,,,нет,,дзержинский,"34,8 м2",нет,нет,,нет,,15 м2,,
Центральное,Железобетонный,5,2023,1,,17,100260₽/м²,,,12 м2,204,Панельный,https://domclick.ru/card/sale__flat__2055953456,,,,3850000₽,,Свободная продажа,,,,1,2.7,,,,дзержинский,"38,4 м2",,,,,,15 м2,,во двор
,,15,2023,1,,19,94797₽/м²,,,"9,9 м2",,Панельный,https://domclick.ru/card/sale__flat__2058977258,,,,3790000₽,,Свободная продажа,,,,1,,,,,дзержинский,40 м2,,,,,,"16,3 м2",,
,Железобетонный,4,1973,1,,5,110000₽/м²,1,1,6 м2,,Кирпичный,https://domclick.ru/card/sale__flat__2059189610,нет,,Иной,3300000₽,,Свободная продажа,,,Евро,1,,От трех до пяти,есть,,дзержинский,30 м2,нет,нет,,нет,v-кирпичный,15 м2,Совмещенный,во двор
,,5,2007,1,есть,5,73815₽/м²,3,,"16,3 м2",20,Панельный,https://domclick.ru/card/sale__flat__2056695532,есть,,,9500000₽,,Свободная продажа,,,Дизайнерский,4,2.5,Больше пяти,есть,2,дзержинский,"128,7 м2",нет,есть,,нет,II-01,"82,8 м2",Совмещенный,во двор
Центральное,Железобетонный,16,2023,1,,17,102500₽/м²,,,17 м2,102,Панельный,https://domclick.ru/card/sale__flat__2056341596,,,,4100000₽,,Свободная продажа,,,,1,2.8,,,,дзержинский,40 м2,,,,,,13 м2,,во двор
,,2,,1,,4,102040₽/м²,,,"19,1 м2",,Монолитный,https://domclick.ru/card/sale__flat__2056125293,,,,4000000₽,,Свободная продажа,,,Требует ремонта,2,2.7,,,1,дзержинский,"39,2 м2",,,,,,"12,2 м2",,"во двор, на улицу"
,Железобетонный,8,1982,1,есть,9,81428₽/м²,,,8 м2,,Панельный,https://domclick.ru/card/sale__flat__2056966827,,,Бетонные столбы,3990000₽,,Свободная продажа,,,косметический,2,,,есть,1,дзержинский,49 м2,,,,,,29 м2,,во двор
,Деревянный,2,1948,1,,2,47970₽/м²,,,"7,5 м2",,Кирпичный,https://domclick.ru/card/sale__flat__2056614142,,,Ленточный,2600000₽,,Свободная продажа,,,Косметический,3,3,,есть,,дзержинский,"54,2 м2",,нет,,,v-кирпичный,"37,2 м2",Совмещенный,"во двор, на улицу"
,Железобетонный,5,1991,1,есть,10,84830₽/м²,,,"7,9 м2",,Панельный,https://domclick.ru/card/sale__flat__2057386047,,,,4250000₽,,Свободная продажа,есть,,Евро,2,2.7,,есть,1,дзержинский,"50,1 м2",,,,,1-панельный,"29,6 м2",,на улицу
,,3,2015,1,есть,19,84717₽/м²,,,14 м2,720,Панельный,https://domclick.ru/card/sale__flat__1710406308,,,,5100000₽,,,,,Косметический,2,,,,,дзержинский,"60,2 м2",,,,,744.0.01 панельный,,,
,Железобетонный,1,1989,1,есть,10,79245₽/м²,,,8 м2,,Панельный,https://domclick.ru/card/sale__flat__2059448831,нет,,,4200000₽,,Свободная продажа,,,,2,2.5,Больше пяти,есть,,дзержинский,53 м2,нет,нет,,нет,1-панельный,30 м2,Раздельный,во двор
,,6,2025,,,21,88235₽/м²,,,14 м2,,Кирпично-монолитный,https://domclick.ru/card/sale__flat__2058480300,,,,7500000₽,,Свободная продажа,,нет,Требует ремонта,3,,,,1,дзержинский,85 м2,,,,,,42 м2,,во двор
,Железобетонный,12,2017,1,есть,19,94594₽/м²,,,11 м2,,Панельный,https://domclick.ru/card/sale__flat__2056970939,,,,3500000₽,,Свободная продажа,,,евроремонт,1,,,,1,дзержинский,37 м2,,,,,1-панельный,19 м2,,на улицу
,Железобетонный,4,2008,1,есть,17,95753₽/м²,1,,10 м2,,Кирпичный,https://domclick.ru/card/sale__flat__2057762213,нет,,,6990000₽,,Свободная продажа,,,Евро,2,2.7,Больше пяти,нет,3,дзержинский,73 м2,нет,есть,,нет,II-01,40 м2,Раздельный,во двор
,Железобетонный,5,2017,1,есть,19,90136₽/м²,1,,11 м2,,Панельный,https://domclick.ru/card/sale__flat__2058693858,нет,,,5300000₽,,Свободная продажа,,,Евро,2,,Меньше трех,нет,3,дзержинский,"58,8 м2",нет,есть,,нет,1-панельный,33 м2,Совмещенный,во двор
,Железобетонный,3,1975,1,,5,73226₽/м²,,,"7,2 м2",,Панельный,https://domclick.ru/card/sale__flat__1832673417,,,Ленточный,3200000₽,,Свободная продажа,есть,,косметический,2,,,есть,,дзержинский,"43,7 м2",,,,,111-90 (90),"27,8 м2",,на улицу
Центральное,Железобетонный,13,2024,1,,17,78250₽/м²,,,10 м2,,Панельный,https://domclick.ru/card/sale__flat__2058908434,,,,3130000₽,,Свободная продажа,,,,1,,,,,дзержинский,40 м2,,,,,,15 м2,,
Центральное,Железобетонный,11,2023,1,,17,78510₽/м²,,,10 м2,132,Панельный,https://domclick.ru/card/sale__flat__2059442285,,,,4475120₽,,Переуступка,,,Требует ремонта,2,2.7,,,1,дзержинский,57 м2,,,,,,31 м2,,
,Железобетонный,3,1996,2,есть,10,84126₽/м²,1,,12 м2,,Панельный,https://domclick.ru/card/sale__flat__2055830672,нет,,,5300000₽,,Свободная продажа,,,Евро,3,,Больше пяти,есть,1,дзержинский,63 м2,нет,нет,,нет,1-панельный,48 м2,Раздельный,
,Железобетонный,9,1988,1,есть,9,90188₽/м²,1,,9 м2,,Панельный,https://domclick.ru/card/sale__flat__2059309621,,,,4780000₽,,Свободная продажа,,,Дизайнерский,2,2.7,Меньше трех,есть,1,дзержинский,53 м2,,нет,,,97 (111-97),40 м2,Раздельный,"во двор, на улицу"
,,1,2016,1,есть,19,97877₽/м²,1,,10 м2,469,Панельный,https://domclick.ru/card/sale__flat__2059152960,,,,3690000₽,,Свободная продажа,,,Косметический,1,,Больше пяти,нет,2,дзержинский,"37,7 м2",,есть,,,1-панельный,14 м2,Совмещенный,на улицу
,Железобетонный,8,1989,1,есть,9,72111₽/м²,1,,"7,8 м2",,Панельный,https://domclick.ru/card/sale__flat__2058196351,нет,,Сборный,3620000₽,,Свободная продажа,,,Косметический,2,,От трех до пяти,есть,1,дзержинский,"50,2 м2",нет,нет,,нет,,"29,7 м2",Раздельный,на улицу
,Железобетонный,2,1974,,,5,71186₽/м²,,,15 м2,,Кирпичный,https://domclick.ru/card/sale__flat__2059307010,,,Иной,4200000₽,,Свободная продажа,,нет,,3,,,есть,,дзержинский,59 м2,,,,,а-литер,40 м2,,на улицу
,Железобетонный,4,1971,1,,5,77500₽/м²,,,,,Панельный,https://domclick.ru/card/sale__flat__2059557967,,,Ленточный,4650000₽,,Свободная продажа,,,Косметический,4,,,есть,,дзержинский,60 м2,,нет,,,1-464А,,Раздельный,
,Железобетонный,7,2020,,есть,19,99960₽/м²,1,1,7 м2,373,Панельный,https://domclick.ru/card/sale__flat__2058778063,нет,,,2550000₽,,Переуступка,,нет,Косметический,,,Меньше трех,нет,2,дзержинский,"25,5 м2",нет,есть,,нет,,13 м2,Совмещенный,во двор
Центральное,Железобетонный,3,2023,1,,17,92105₽/м²,,,9 м2,132,Панельный,https://domclick.ru/card/sale__flat__2056413829,,,,3500000₽,,Свободная продажа,,,,1,2.8,,,1,дзержинский,38 м2,,,,,,15 м2,,на улицу
,Железобетонный,8,1978,1,есть,9,81602₽/м²,,,8 м2,,Панельный,https://domclick.ru/card/sale__flat__2059302590,,,,2750000₽,,Свободная продажа,,,косметический,1,,,есть,1,дзержинский,"33,7 м2",,,,,121,18 м2,,на улицу
,Железобетонный,1,1973,,,5,56041₽/м²,,,6 м2,,Панельный,https://domclick.ru/card/sale__flat__2003409380,,,Иной,2690000₽,D,Свободная продажа,,нет,Требует ремонта,2,,,есть,,дзержинский,48 м2,,,,,,32 м2,,"во двор, на улицу"
,Железобетонный,3,2023,,,20,113636₽/м²,,,,,Монолитный,https://domclick.ru/card/sale__flat__2059561311,,,,2500000₽,,Свободная продажа,,нет,,,,,нет,,дзержинский,22 м2,,нет,,,,,,
Центральное,Железобетонный,15,2022,1,,17,85606₽/м²,,,"9,8 м2",423,Панельный,https://domclick.ru/card/sale__flat__2059450506,,,,3390000₽,,Свободная продажа,,,Без ремонта,1,2.7,,нет,3,дзержинский,"39,6 м2",,есть,,,,,Совмещенный,"на парк, на лес, на улицу"
,Железобетонный,12,2015,1,есть,17,92207₽/м²,,,10 м2,,Монолитный,https://domclick.ru/card/sale__flat__2059145696,,,Сплошной,3550000₽,,Свободная продажа,,,Евро,1,,,нет,1,дзержинский,"38,5 м2",,,,,,20 м2,,во двор
,,13,2019,1,,19,107023₽/м²,,,9 м2,,Панельный,https://domclick.ru/card/sale__flat__1800074004,,,,3200000₽,,,,,Евро,1,,,,1,дзержинский,"29,9 м2",,есть,,,,,,
,Железобетонный,5,1976,1,есть,9,94541₽/м²,1,,9 м2,,Панельный,https://domclick.ru/card/sale__flat__2059488654,нет,,,4850000₽,,Свободная продажа,есть,,Дизайнерский,2,,,есть,1,дзержинский,"51,3 м2",нет,нет,,нет,121,30 м2,Совмещенный,"на улицу, на парк"
,,6,2024,1,,18,95532₽/м²,,,"10,6 м2",,Монолитный,https://domclick.ru/card/sale__flat__1950226080,нет,,,8340000₽,,Свободная продажа,,,Без ремонта,2,2.7,,нет,,дзержинский,"87,3 м2",нет,нет,,нет,,55 м2,Совмещенный,
,Железобетонный,1,1983,1,есть,9,99388₽/м²,,,8 м2,,Панельный,https://domclick.ru/card/sale__flat__2058722107,нет,,,3250000₽,,Свободная продажа,,,Косметический,1,,,есть,1,дзержинский,"32,7 м2",нет,нет,,нет,121,18 м2,Раздельный,
Центральное,Железобетонный,4,2021,1,есть,18,88308₽/м²,2,2,"15,6 м2",,Панельный,https://domclick.ru/card/sale__flat__2059294203,нет,,,3550000₽,,Альтернатива,,,Евро,1,2.7,Меньше трех,нет,2,дзержинский,"40,2 м2",нет,нет,,нет,,20 м2,Совмещенный,"во двор, на парк"
,,9,2014,1,,17,102941₽/м²,,,"20,3 м2",,Панельный,https://domclick.ru/card/sale__flat__2058864734,,,,5950000₽,,Свободная продажа,,,,2,,,,1,дзержинский,"57,8 м2",,,,,,25 м2,,
,,11,2008,2,есть,14,89468₽/м²,,,16 м2,184,Кирпичный,https://domclick.ru/card/sale__flat__2058340484,,,,8589000₽,,Свободная продажа,,,Евро,3,,,нет,1,дзержинский,96 м2,,,,,II-01,23 м2,,"во двор, на улицу"
,,4,2026,1,,15,101982₽/м²,1,,20 м2,,Кирпичный,https://domclick.ru/card/sale__flat__2058481552,нет,,,5915000₽,,Переуступка,,,Без ремонта,2,2.7,Меньше трех,нет,2,дзержинский,58 м2,нет,нет,,нет,,25 м2,Совмещенный,на улицу
,Железобетонный,11,2017,,есть,19,99736₽/м²,,,12 м2,,Панельный,https://domclick.ru/card/sale__flat__2058251907,,,,3790000₽,,Свободная продажа,,нет,евроремонт,1,2.7,,,1,дзержинский,38 м2,,,,,1-панельный,21 м2,,на улицу
,Железобетонный,9,1995,,есть,10,82695₽/м²,,,,,Панельный,https://domclick.ru/card/sale__flat__2059516365,,,Бетонные столбы,5400000₽,,Свободная продажа,,нет,,3,,,есть,,дзержинский,"65,3 м2",,нет,,,,,,
Центральное,Железобетонный,11,2023,,,17,82439₽/м²,,,"9,7 м2",102,Панельный,https://domclick.ru/card/sale__flat__2058460120,,,,2876310₽,,Свободная продажа,,нет,Требует ремонта,1,,,,1,дзержинский,"34,9 м2",,,,,,"16,3 м2",,"во двор, на улицу"
,,7,2009,1,есть,13,90210₽/м²,,,,191,Кирпичный,https://domclick.ru/card/sale__flat__2058601102,нет,,,5999000₽,,Свободная продажа,,,Косметический,2,,Больше пяти,нет,2,дзержинский,"66,5 м2",нет,есть,,нет,II-01,58 м2,Совмещенный,"во двор, на водоем, на парк, на улицу, на лес"
Центральное,Железобетонный,10,2021,1,есть,17,99473₽/м²,,,8 м2,,Панельный,https://domclick.ru/card/sale__flat__2059104132,,,,3780000₽,,,,,Евро,1,,,,,дзержинский,38 м2,,,,,,,,
,,12,,1,,17,100267₽/м²,,,"10,8 м2",,Панельный,https://domclick.ru/card/sale__flat__2059284966,,,,7500000₽,,Свободная продажа,,,,3,,,,,дзержинский,"74,8 м2",,,,,,45 м2,,
,Железобетонный,2,1975,1,,5,56779₽/м²,,,6 м2,,Кирпичный,https://domclick.ru/card/sale__flat__2058158493,,,Сборный,3350000₽,,,есть,,Требует ремонта,3,,,есть,,дзержинский,59 м2,,,,,1-464,38 м2,,во двор
,Железобетонный,8,2021,1,есть,17,79950₽/м²,,,,135,Панельный,https://domclick.ru/card/sale__flat__2056463417,нет,,,3198000₽,,Свободная продажа,,,Без ремонта,2,,,нет,,дзержинский,40 м2,нет,нет,,нет,,20 м2,Совмещенный,
,Железобетонный,16,2023,1,,20,116521₽/м²,1,,12 м2,,Монолитный,https://domclick.ru/card/sale__flat__2058330631,нет,,,6700000₽,,Свободная продажа,,,Дизайнерский,2,,Меньше трех,есть,,дзержинский,"57,5 м2",нет,нет,,нет,,40 м2,Совмещенный,во двор
Центральное,Железобетонный,6,2022,1,,17,104166₽/м²,,,"11,8 м2",423,Панельный,https://domclick.ru/card/sale__flat__2056786638,,,,3750000₽,,Свободная продажа,,,,1,,,,,дзержинский,36 м2,,,,,,17 м2,,
,Железобетонный,7,1979,1,есть,9,79961₽/м²,,,9 м2,,Панельный,https://domclick.ru/card/sale__flat__2058969964,,,,4190000₽,,Свободная продажа,,,евроремонт,2,,,есть,1,дзержинский,"52,4 м2",,,,,121,,,во двор
,,6,2024,,,17,93000₽/м²,,,"30,3 м2",,Кирпично-монолитный,https://domclick.ru/card/sale__flat__2058700761,,,,7413030₽,,Свободная продажа,,нет,,3,,,,1,дзержинский,"79,7 м2",,,,,,"45,6 м2",,во двор
Центральное,Железобетонный,14,2024,1,,17,116279₽/м²,,,3 м2,,Панельный,https://domclick.ru/card/sale__flat__2059307006,,,,2500000₽,,Свободная продажа,,,,,,,,1,дзержинский,"21,5 м2",,,,,,12 м2,,
,Железобетонный,4,1977,,есть,9,76458₽/м²,,,"11,9 м2",,Кирпичный,https://domclick.ru/card/sale__flat__2058854768,,,,2699000₽,,Свободная продажа,,нет,,1,2.8,,,,дзержинский,"35,3 м2",,,,,v-кирпичный,"17,7 м2",,во двор
,,8,1985,1,есть,9,51804₽/м²,,,,264,Кирпичный,https://domclick.ru/card/sale__flat__1721123810,,,,689000₽,,,,,Косметический,1,,,,1,дзержинский,"13,3 м2",,,,,1-447,"13,3 м2",,
,Железобетонный,9,1981,1,есть,10,68503₽/м²,,,8 м2,,Панельный,https://domclick.ru/card/sale__flat__1816706699,,,,4350000₽,,Свободная продажа,,,косметический,3,2.8,,есть,1,дзержинский,"63,5 м2",,,,,121,39 м2,,
,,3,1975,1,,9,85714₽/м²,2,,,,Кирпичный,https://domclick.ru/card/sale__flat__2059423619,нет,,,3600000₽,,Свободная продажа,,,Косметический,2,,Больше пяти,есть,1,дзержинский,42 м2,нет,нет,,нет,,30 м2,Раздельный,во двор
,Железобетонный,4,1979,1,есть,9,62691₽/м²,,,7 м2,,Панельный,https://domclick.ru/card/sale__flat__2055772818,,,,4100000₽,,,,,Отсутствует,3,,,есть,,дзержинский,"65,4 м2",,,,,121,,,
,,7,2014,,есть,12,123573₽/м²,,,"13,3 м2",261,Кирпичный,https://domclick.ru/card/sale__flat__2057373856,,,,4980000₽,,Свободная продажа,,нет,,1,,,нет,2,дзержинский,"40,3 м2",,есть,,,01-пз индивидуальный проект,"15,5 м2",,
,,8,2024,1,,17,98916₽/м²,,,,,Монолитный,https://domclick.ru/card/sale__flat__2059557421,нет,,,6390000₽,,Свободная продажа,,,Без ремонта,2,2.7,,нет,2,дзержинский,"64,6 м2",нет,нет,,нет,,55 м2,Раздельный,
,Железобетонный,5,1989,1,есть,9,89013₽/м²,1,,10 м2,,Панельный,https://domclick.ru/card/sale__flat__2059312650,,,,4780000₽,,Свободная продажа,,,Дизайнерский,2,2.7,Меньше трех,есть,1,дзержинский,"53,7 м2",,нет,,,97 (111-97),34 м2,Раздельный,"во двор, на парк, на водоем, на лес, на улицу"
,Железобетонный,1,1989,,есть,9,93421₽/м²,,,10 м2,,Панельный,https://domclick.ru/card/sale__flat__2058293656,,,,3550000₽,,Свободная продажа,,нет,,1,,,есть,1,дзержинский,38 м2,,нет,,,97 (111-97),,,
Центральное,Железобетонный,10,2020,2,,19,81683₽/м²,,,,204,Панельный,https://domclick.ru/card/sale__flat__2059489762,нет,,,3300000₽,,Свободная продажа,,,Без ремонта,1,2.7,,нет,2,дзержинский,"40,4 м2",нет,нет,,нет,,30 м2,Совмещенный,
,Железобетонный,3,1985,,есть,9,88379₽/м²,,,,,Панельный,https://domclick.ru/card/sale__flat__2059314882,,,,2890000₽,,Свободная продажа,есть,нет,,1,,,есть,,дзержинский,"32,7 м2",,нет,,,111-90 (90),,,
,Железобетонный,7,1995,1,есть,10,88000₽/м²,,,8 м2,,Панельный,https://domclick.ru/card/sale__flat__2058919074,,,Бетонные столбы,4400000₽,,Свободная продажа,,,косметический,2,,,есть,1,дзержинский,50 м2,,,,,,32 м2,,во двор
,Железобетонный,2,1977,1,,5,53448₽/м²,,,6 м2,,Кирпичный,https://domclick.ru/card/sale__flat__1878161605,нет,,Сборный,3100000₽,,Свободная продажа,,,Косметический,3,,,есть,,дзержинский,58 м2,нет,нет,,нет,а жилой дом,38 м2,Раздельный,
,,12,2026,1,,16,72500₽/м²,,,10 м2,,Панельный,https://domclick.ru/card/sale__flat__2057059991,,,,2794875₽,,Переуступка,,,Требует ремонта,1,2.7,,,1,дзержинский,"38,5 м2",,,,,,,,
,Железобетонный,5,1982,,есть,9,69044₽/м²,,,,,Панельный,https://domclick.ru/card/sale__flat__2059171463,нет,,,4550000₽,,Свободная продажа,,нет,Косметический,3,,,есть,1,дзержинский,"65,9 м2",нет,нет,,нет,121,36 м2,Раздельный,
,,9,2021,1,,17,98630₽/м²,1,,"10,3 м2",,Панельный,https://domclick.ru/card/sale__flat__2056080715,нет,,,3600000₽,,Свободная продажа,,,Евро,1,2.7,,нет,3,дзержинский,"36,5 м2",нет,есть,,нет,,"18,8 м2",Совмещенный,"во двор, на улицу"
Центральное,Железобетонный,17,2021,,,17,86428₽/м²,1,,20 м2,102,Панельный,https://domclick.ru/card/sale__flat__2056968058,нет,,,3630000₽,,Свободная продажа,,нет,,2,,От трех до пяти,нет,3,дзержинский,42 м2,нет,есть,,нет,,22 м2,Совмещенный,
Закрытая с приготовлением горячей воды на ЦТП,Железобетонный,5,1973,1,,5,75531₽/м²,1,,6 м2,,Панельный,https://domclick.ru/card/sale__flat__2059528654,нет,,Ленточный,3550000₽,,Свободная продажа,,,Евро,3,,Больше пяти,есть,,дзержинский,47 м2,нет,нет,,нет,,33 м2,Совмещенный,
,Железобетонный,2,1979,,,5,66959₽/м²,,,,,Панельный,https://domclick.ru/card/sale__flat__2058695385,,,Бетонные столбы,2290000₽,,Свободная продажа,,нет,,1,,,есть,,дзержинский,"34,2 м2",,нет,,,1-480,25 м2,,
Центральное,Железобетонный,14,2024,,,17,72002₽/м²,,,"12,1 м2",,Панельный,https://domclick.ru/card/sale__flat__2058251983,,,,4325200₽,,,,нет,Требует ремонта,2,2.7,,,1,дзержинский,"60,1 м2",,,,,,48 м2,,во двор
,Железобетонный,2,1994,1,есть,9,85964₽/м²,1,1,7 м2,,Панельный,https://domclick.ru/card/sale__flat__2059200710,,,Ленточный,2450000₽,,Свободная продажа,,,Косметический,1,2.5,От трех до пяти,есть,1,дзержинский,"28,5 м2",,нет,,,,14 м2,Совмещенный,во двор
,Железобетонный,6,1975,2,есть,9,76666₽/м²,1,2,"7,4 м2",,Кирпичный,https://domclick.ru/card/sale__flat__2059029820,нет,,,4600000₽,,Альтернатива,,,Косметический,3,,От трех до пяти,есть,1,дзержинский,60 м2,нет,нет,,нет,1-447,"37,4 м2",Совмещенный,"во двор, на улицу, на парк"
,Железобетонный,4,1998,2,есть,9,63708₽/м²,,,"7,5 м2",,Панельный,https://domclick.ru/card/sale__flat__2059307003,,,Бетонные столбы,5600000₽,,Свободная продажа,,,,4,2.7,,есть,1,дзержинский,"87,9 м2",,,,,,"54,5 м2",,на улицу
,Железобетонный,6,1983,,есть,9,152439₽/м²,,,,,Панельный,https://domclick.ru/card/sale__flat__2058905331,,,,5000000₽,,Свободная продажа,,нет,,1,,,есть,1,дзержинский,"32,8 м2",,нет,,,121,"32,8 м2",,
,Железобетонный,6,1985,1,есть,9,80862₽/м²,1,,"9,3 м2",,Панельный,https://domclick.ru/card/sale__flat__2057808184,нет,,,3000000₽,,Свободная продажа,есть,,Косметический,1,2.7,От трех до пяти,есть,1,дзержинский,"37,1 м2",нет,нет,,нет,111-90 (90),"18,9 м2",Совмещенный,во двор
,,5,2022,1,,17,72204₽/м²,,,13 м2,,Панельный,https://domclick.ru/card/sale__flat__2059401395,нет,,,4332240₽,,Переуступка,,,Без ремонта,2,,Меньше трех,нет,,дзержинский,60 м2,нет,нет,,нет,,28 м2,Раздельный,"во двор, на улицу"
Центральное,Железобетонный,9,2023,1,,17,82708₽/м²,,,,102,Панельный,https://domclick.ru/card/sale__flat__2055960453,нет,,,1985000₽,,Переуступка,,,Без ремонта,,,Меньше трех,нет,3,дзержинский,24 м2,нет,есть,,нет,,13 м2,Совмещенный,"во двор, на парк"
Центральное,Железобетонный,10,2024,1,,17,107182₽/м²,1,,10 м2,,Панельный,https://domclick.ru/card/sale__flat__2058603819,нет,,,3880000₽,,Свободная продажа,,,Евро,1,2.7,Меньше трех,нет,,дзержинский,"36,2 м2",нет,нет,,нет,,14 м2,Совмещенный,во двор
,Железобетонный,5,1978,1,есть,9,69908₽/м²,1,,,,Панельный,https://domclick.ru/card/sale__flat__2058201626,нет,,,4600000₽,,Свободная продажа,есть,,Косметический,3,,Больше пяти,есть,1,дзержинский,"65,8 м2",нет,нет,,нет,121,55 м2,Раздельный,во двор
,,4,2023,,,17,105882₽/м²,,,,,Панельный,https://domclick.ru/card/sale__flat__2059488576,,,,3960000₽,,Свободная продажа,,нет,,1,,,нет,,дзержинский,"37,4 м2",,нет,,,,28 м2,,
,Железобетонный,4,1973,1,,5,84745₽/м²,,,6 м2,56,Кирпичный,https://domclick.ru/card/sale__flat__2056771863,,,,2500000₽,,Свободная продажа,,,евроремонт,1,,,есть,,дзержинский,"29,5 м2",,,,,87,17 м2,,
,,13,2015,1,есть,19,80322₽/м²,,,14 м2,720,Панельный,https://domclick.ru/card/sale__flat__2057599957,,,,4980000₽,,Свободная продажа,,,,2,2.8,,,1,дзержинский,62 м2,,,,,744.0.01 панельный,48 м2,,на улицу
,Железобетонный,3,1977,1,есть,9,85099₽/м²,,,7 м2,,Панельный,https://domclick.ru/card/sale__flat__2058080598,,,,2570000₽,,Альтернатива,,,,1,,,,1,дзержинский,"30,2 м2",,,,,121,19 м2,,
,,1,1987,1,,9,78787₽/м²,1,,8 м2,,Панельный,https://domclick.ru/card/sale__flat__2058995872,нет,,,2600000₽,,Свободная продажа,есть,,Косметический,1,,Меньше трех,есть,1,дзержинский,33 м2,нет,нет,,нет,,18 м2,Раздельный,во двор
,Железобетонный,4,1979,1,,5,87500₽/м²,,,8 м2,,Панельный,https://domclick.ru/card/sale__flat__2058962824,,,Ленточный,4550000₽,,Свободная продажа,,,Дизайнерский,2,2.7,,есть,,дзержинский,52 м2,,нет,,,111-90 (90),30 м2,Раздельный,"во двор, на улицу"
Центральное,Железобетонный,8,1978,1,,9,86363₽/м²,,,"7,5 м2",,Панельный,https://domclick.ru/card/sale__flat__2058320182,,,,2850000₽,,Свободная продажа,,,Косметический,1,2.5,,есть,1,дзержинский,33 м2,,нет,есть,,,17 м2,Раздельный,
Центральное,Железобетонный,9,1980,1,есть,9,78000₽/м²,,,"7,7 м2",,Панельный,https://domclick.ru/card/sale__flat__2058806395,,,,3900000₽,,Свободная продажа,,,,2,,,есть,,дзержинский,50 м2,,,,,,30 м2,,
,Железобетонный,7,1992,,есть,9,76363₽/м²,1,,6 м2,,Кирпичный,https://domclick.ru/card/sale__flat__2057394355,,,,2520000₽,,Альтернатива,,нет,Косметический,2,,От трех до пяти,нет,1,дзержинский,33 м2,,нет,,,114-86,"18,6 м2",Совмещенный,на улицу
,Железобетонный,9,1977,1,есть,12,71618₽/м²,,,12 м2,,Смешанные,https://domclick.ru/card/sale__flat__2058332949,нет,,,2700000₽,,Свободная продажа,есть,,Косметический,1,,,есть,1,дзержинский,"37,7 м2",нет,нет,,нет,121. многоквартирный дом,"19,5 м2",Раздельный,на улицу
,Железобетонный,8,2016,1,есть,19,83783₽/м²,,,10 м2,,Панельный,https://domclick.ru/card/sale__flat__2058733297,,,,3100000₽,,Свободная продажа,,,,1,,,,,дзержинский,37 м2,,,,,1-панельный,18 м2,,
,Железобетонный,3,1973,1,,5,88815₽/м²,,,"6,1 м2",,Кирпичный,https://domclick.ru/card/sale__flat__2057818037,,,Иной,2699999₽,,Свободная продажа,,,евроремонт,1,2.6,,нет,,дзержинский,"30,4 м2",,,,,87,,,на улицу
,Железобетонный,10,2003,2,есть,14,60000₽/м²,,,"16,2 м2",,Монолитный,https://domclick.ru/card/sale__flat__2058805791,нет,,,5700000₽,,Свободная продажа,,,Дизайнерский,3,,,есть,,дзержинский,95 м2,нет,нет,,нет,а монолитный,"61,6 м2",Раздельный,во двор
Центральное,Железобетонный,11,2023,1,,17,72804₽/м²,,,13 м2,132,Панельный,https://domclick.ru/card/sale__flat__2059492816,нет,,,4659480₽,,Переуступка,,,Без ремонта,2,,,нет,3,дзержинский,64 м2,нет,есть,,нет,,33 м2,Раздельный,"на улицу, на парк"
Центральное,Железобетонный,7,2022,,,17,108563₽/м²,,,"11,8 м2",423,Панельный,https://domclick.ru/card/sale__flat__2006022244,,,,3930000₽,,Свободная продажа,,нет,,1,,,нет,,дзержинский,"36,2 м2",,нет,,,,16 м2,,
Центральное,Железобетонный,9,2023,1,,17,129750₽/м²,1,1,15 м2,102,Панельный,https://domclick.ru/card/sale__flat__2059577932,,,,5190000₽,,Свободная продажа,,,Дизайнерский,2,2.7,Больше пяти,нет,3,дзержинский,40 м2,,есть,,,,20 м2,Совмещенный,"во двор, на улицу"
,Железобетонный,3,2016,1,есть,11,88757₽/м²,,,9 м2,117,Панельный,https://domclick.ru/card/sale__flat__2059312505,,,,3000000₽,,Альтернатива,,,Косметический,1,,,нет,1,дзержинский,"33,8 м2",,нет,,,,,Совмещенный,во двор
,,8,1983,,,9,52857₽/м²,,,6 м2,,Кирпичный,https://domclick.ru/card/sale__flat__2058366061,нет,,,1850000₽,,Свободная продажа,,нет,Косметический,2,2.5,,нет,,дзержинский,35 м2,нет,нет,,нет,,26 м2,Раздельный,во двор
,,12,2009,Больше 3-х,есть,13,55834₽/м²,,,"13,2 м2",191,Кирпичный,https://domclick.ru/card/sale__flat__2059307000,,,,10000000₽,,Свободная продажа,,,,5,2.8,,,2,дзержинский,"179,1 м2",,есть,,,II-01,86 м2,,на улицу
,Железобетонный,14,2015,,есть,17,93750₽/м²,,,12 м2,,Монолитный,https://domclick.ru/card/sale__flat__2059545425,,,Сплошной,3750000₽,,Свободная продажа,,нет,,1,,,нет,,дзержинский,40 м2,,нет,,,,28 м2,,
,Железобетонный,3,2017,,есть,19,101108₽/м²,,,"11,6 м2",,Панельный,https://domclick.ru/card/sale__flat__2058897057,,,,3650000₽,,Свободная продажа,,нет,,1,,,,,дзержинский,"36,1 м2",,,,,1-панельный,"17,6 м2",,во двор
,Железобетонный,3,1977,,,5,63241₽/м²,,,7 м2,,Панельный,https://domclick.ru/card/sale__flat__2058252003,,,Ленточный,3200000₽,,Свободная продажа,,нет,косметический,2,,,есть,,дзержинский,"50,6 м2",,,,,111-90 (90),29 м2,,на улицу
,Железобетонный,9,1981,1,есть,9,84848₽/м²,,,10 м2,,Панельный,https://domclick.ru/card/sale__flat__2059334998,,,,5600000₽,,Свободная продажа,есть,,,3,,,есть,1,дзержинский,66 м2,,,,,111-90 (90),45 м2,,
,Железобетонный,6,1987,1,есть,9,79687₽/м²,,,,,Панельный,https://domclick.ru/card/sale__flat__2056535956,,,,5100000₽,,Альтернатива,,,,3,,,есть,1,дзержинский,64 м2,,нет,,,97 (111-97),45 м2,Совмещенный,
Центральное,Железобетонный,7,2023,1,,17,71052₽/м²,,,12 м2,102,Панельный,https://domclick.ru/card/sale__flat__2059117457,нет,,,5670000₽,,Свободная продажа,,,Без ремонта,3,2.7,,нет,,дзержинский,"79,8 м2",нет,нет,,нет,,65 м2,Раздельный,
,Железобетонный,6,2020,1,есть,19,119098₽/м²,1,,,373,Панельный,https://domclick.ru/card/sale__flat__2059094557,нет,,,4490000₽,,Свободная продажа,,,Косметический,1,2.7,Меньше трех,нет,1,дзержинский,"37,7 м2",нет,есть,,нет,,27 м2,Совмещенный,"во двор, на парк, на лес"
Центральное,Железобетонный,3,2022,1,,17,67543₽/м²,,,"9,8 м2",423,Панельный,https://domclick.ru/card/sale__flat__1807504322,,,,3850000₽,,Переуступка,,,Требует ремонта,2,2.7,,,1,дзержинский,57 м2,,,,,,"29,4 м2",,
,Железобетонный,4,1972,1,,5,62500₽/м²,3,,"5,5 м2",90,Панельный,https://domclick.ru/card/sale__flat__2059321178,нет,,,3000000₽,,Свободная продажа,,,Косметический,2,2.7,,есть,,дзержинский,48 м2,нет,нет,,нет,1-464А,32 м2,Раздельный,"во двор, на улицу"
,,3,1978,1,есть,10,84893₽/м²,,,9 м2,128,Кирпичный,https://domclick.ru/card/sale__flat__2057381292,,,,3990000₽,,Свободная продажа,,,Дизайнерский,2,,,есть,1,дзержинский,47 м2,,,,,1-447,,,на улицу
,Железобетонный,5,2017,1,есть,18,89416₽/м²,,,"6,3 м2",288,Кирпичный,https://domclick.ru/card/sale__flat__2008863381,,,,4900000₽,,,,,Евро,2,,,,,дзержинский,"54,8 м2",,,,,,"32,1 м2",,
,,5,1985,,есть,9,43750₽/м²,2,,5 м2,264,Кирпичный,https://domclick.ru/card/sale__flat__2057567839,нет,,,1750000₽,,Свободная продажа,,нет,Косметический,2,,Больше пяти,нет,1,дзержинский,40 м2,нет,нет,,нет,1-447,30 м2,Раздельный,во двор
Центральное,Железобетонный,13,2021,1,есть,18,130000₽/м²,,,3 м2,,Панельный,https://domclick.ru/card/sale__flat__2057060484,,,,2600000₽,,Свободная продажа,,,евроремонт,,2.7,,,1,дзержинский,20 м2,,,,,,13 м2,,на улицу
,,7,1984,1,есть,9,62686₽/м²,,,9 м2,430,Панельный,https://domclick.ru/card/sale__flat__2058960729,,,,4200000₽,,,,,Косметический,3,,,есть,1,дзержинский,67 м2,,,,,121,,,
,Железобетонный,11,2017,,есть,19,90909₽/м²,,,,,Панельный,https://domclick.ru/card/sale__flat__2059570709,,,,3600000₽,,Свободная продажа,,нет,,1,,,нет,1,дзержинский,"39,6 м2",,нет,,,1-панельный,,,
,,10,,,,15,101018₽/м²,1,,,,,https://domclick.ru/card/sale__flat__2056025122,нет,,,5408540₽,,Свободная продажа,,нет,,2,2.7,Меньше трех,,,дзержинский,"53,5 м2",нет,нет,,нет,,14 м2,,
,Железобетонный,4,1980,,есть,9,64285₽/м²,,,8 м2,,Панельный,https://domclick.ru/card/sale__flat__2059223439,,,,3600000₽,,Свободная продажа,есть,нет,косметический,2,,,есть,1,дзержинский,56 м2,,,,,111-90 (90),30 м2,,"во двор, на улицу"
Центральное,Железобетонный,11,2018,1,есть,17,70882₽/м²,,,13 м2,,Монолитный,https://domclick.ru/card/sale__flat__2059492187,нет,,,4323820₽,,Переуступка,,,Без ремонта,2,,,нет,1,дзержинский,61 м2,нет,есть,,нет,,31 м2,Раздельный,во двор
