Этаж,Площадь,Ссылка,Грузовой лифт,Количество этажей,Количество квартир,Количество балконов,Прописано,Горячее водоснабжение,Комнат,Кухня,Прописанные несовершеннолетние,Цена,Количество лифтов,Газ,Несовершеннолетние собственники,Серия дома,Тип сделки,Санузел,Год постройки,Перепланировка,Жилая,Цена за квадрат,Вид из окон,Детская площадка,Материал стен,Высота потолков,Ремонт,Балкон,Район,Лет в собственности,Мусоропровод,Тип фундамента,Тип перекрытий,Лифт,Количество собственников
3,"32,8 м2",https://domclick.ru/card/sale__flat__2058528618,,5,,1,,,1,8 м2,,1850000₽,,есть,,v-кирпичный,Свободная продажа,,1988,,18 м2,56402₽/м²,,,Кирпичный,,,,ленинский,,,Ленточный,Железобетонный,,
8,52 м2,https://domclick.ru/card/sale__flat__1838082490,есть,17,,1,,Центральное,1,,нет,3900000₽,3,нет,нет,,Свободная продажа,Совмещенный,2022,нет,35 м2,75000₽/м²,,,Кирпичный,2.7,Без ремонта,,ленинский,,,,Железобетонный,есть,1
16,56 м2,https://domclick.ru/card/sale__flat__2057236256,,20,401,1,,,1,18 м2,,5850000₽,1,нет,,,Свободная продажа,,2014,,20 м2,104464₽/м²,во двор,,Монолитный,,Дизайнерский,,ленинский,,,,Железобетонный,есть,
4,65 м2,https://domclick.ru/card/sale__flat__2059581616,есть,14,240,1,,,2,12 м2,нет,6900000₽,2,нет,нет,v-кирпичный,Свободная продажа,Раздельный,2015,нет,52 м2,106153₽/м²,во двор,,Кирпичный,,Косметический,,ленинский,,,,,есть,
3,"72,1 м2",https://domclick.ru/card/sale__flat__2058912515,нет,20,401,,,,2,19 м2,,9900000₽,,нет,,,Свободная продажа,,2014,,,137309₽/м²,,,Монолитный,,,нет,ленинский,,,,Железобетонный,есть,
2,"53,1 м2",https://domclick.ru/card/sale__flat__2059306996,,14,201,,,,1,15 м2,,4750000₽,1,,,,Свободная продажа,,2012,,30 м2,89453₽/м²,на улицу,,Смешанные,2.4,,нет,ленинский,,есть,,Смешанный,есть,
1,"61,4 м2",https://domclick.ru/card/sale__flat__1863142827,,5,,,,,3,"5,5 м2",,3900000₽,,есть,,1-панельный,Свободная продажа,,1972,,"44,9 м2",63517₽/м²,,,Панельный,,,нет,ленинский,,,Ленточный,Железобетонный,,
2,"66,7 м2",https://domclick.ru/card/sale__flat__2055851724,нет,7,,,,,3,"7,6 м2",нет,3400000₽,,есть,нет,75/крупнопанельный,Свободная продажа,,1993,нет,"42,4 м2",50974₽/м²,,,Панельный,2.8,,нет,ленинский,,,Ленточный,Железобетонный,,
3,60 м2,https://domclick.ru/card/sale__flat__1950163271,нет,18,,1,,,2,13 м2,нет,5700000₽,1,нет,нет,,Свободная продажа,Раздельный,2016,нет,45 м2,95000₽/м²,во двор,,Кирпичный,,Косметический,,ленинский,,,Сплошной,Железобетонный,есть,
5,65 м2,https://domclick.ru/card/sale__flat__2058030836,,16,126,1,,,2,12 м2,,6448888₽,1,нет,,КУБ-2.5,Свободная продажа,,2014,,45 м2,99213₽/м²,"во двор, на улицу",,Смешанные,,евроремонт,,ленинский,,,,,есть,
3,"66,6 м2",https://domclick.ru/card/sale__flat__2056208010,есть,18,,1,,Центральное,2,"18,4 м2",нет,4861800₽,3,нет,нет,,Свободная продажа,Совмещенный,2023,нет,"33,2 м2",73000₽/м²,,,Монолитно-кирпичный,2.7,Косметический,,ленинский,,,,Железобетонный,,1
15,"48,4 м2",https://domclick.ru/card/sale__flat__1971508823,,18,,1,,Центральное,1,16 м2,,3650000₽,,,,,,,2023,,24 м2,75460₽/м²,,,Монолитно-кирпичный,,Отсутствует,,ленинский,,,,Железобетонный,,
9,108 м2,https://domclick.ru/card/sale__flat__1579206291,,11,,1,,,3,17 м2,,15590000₽,1,есть,,,,,2014,,65 м2,144351₽/м²,,,Блочный,,Евро,,ленинский,,,Сплошной,Железобетонный,есть,
11,"74,5 м2",https://domclick.ru/card/sale__flat__2058591194,,17,,1,,,2,19 м2,,5600000₽,,есть,,индивидуальный проект 11060.3.00-12-ас,Свободная продажа,,2013,,40 м2,75167₽/м²,,,Панельный,,,,ленинский,,,,Железобетонный,есть,
4,66 м2,https://domclick.ru/card/sale__flat__2059140498,нет,10,,1,,,2,16 м2,нет,4700000₽,1,есть,нет,волга-в,Свободная продажа,Раздельный,2007,нет,"32,5 м2",71212₽/м²,"во двор, на улицу",,Панельный,2.7,Косметический,,ленинский,,,,Железобетонный,есть,
12,"43,2 м2",https://domclick.ru/card/sale__flat__2058226263,,16,,1,,,1,12 м2,,4200000₽,1,нет,,,Свободная продажа,,2009,,18 м2,97222₽/м²,во двор,,Кирпичный,,косметический,,ленинский,,,,,,
10,"36,5 м2",https://domclick.ru/card/sale__flat__2057680729,есть,15,,1,,,1,"8,9 м2",да,3400000₽,3,нет,нет,,Свободная продажа,Совмещенный,2016,нет,"19,4 м2",93150₽/м²,на улицу,,Панельный,,Косметический,,ленинский,Больше пяти,,Сплошной,Железобетонный,есть,2
16,78 м2,https://domclick.ru/card/sale__flat__2059545138,нет,17,,1,,Центральное,3,12 м2,нет,7350000₽,2,нет,нет,,Свободная продажа,Раздельный,2021,нет,44 м2,94230₽/м²,во двор,,Панельный,2.5,Без ремонта,,ленинский,,,,Железобетонный,есть,
16,"45,6 м2",https://domclick.ru/card/sale__flat__1822880055,,18,332,1,,Центральное,1,"17,4 м2",,5000000₽,,,,,,,2021,,"11,4 м2",109649₽/м²,,,Панельный,,Евро,,ленинский,,,,Железобетонный,,
12,68 м2,https://domclick.ru/card/sale__flat__2059491198,есть,17,,2,,Центральное,2,13 м2,нет,4692240₽,2,нет,нет,,Свободная продажа,Раздельный,2022,нет,45 м2,69003₽/м²,"во двор, на улицу",,Кирпичный,2.7,Без ремонта,,ленинский,,,,Железобетонный,есть,
2,"41,4 м2",https://domclick.ru/card/sale__flat__2059560387,нет,5,,,,,3,5 м2,нет,3800000₽,,есть,нет,a-a,Свободная продажа,Совмещенный,1970,нет,29 м2,91787₽/м²,"во двор, на улицу",,Кирпичный,,Косметический,нет,ленинский,,,Иной,Железобетонный,,
9,67 м2,https://domclick.ru/card/sale__flat__2057914415,нет,11,,1,,,3,8 м2,нет,5600000₽,1,есть,нет,1-панельный,Свободная продажа,Совмещенный,1987,нет,50 м2,83582₽/м²,"во двор, на улицу",,Панельный,,Косметический,,ленинский,,есть,,Железобетонный,есть,
11,"42,3 м2",https://domclick.ru/card/sale__flat__2059380504,,12,,2,,Центральное,1,"20,4 м2",,3600000₽,1,нет,,,Свободная продажа,,2024,,"12,9 м2",85207₽/м²,во двор,,Монолитный,,Требует ремонта,,ленинский,,,,Железобетонный,,
3,38 м2,https://domclick.ru/card/sale__flat__2056101821,,17,359,1,,,1,10 м2,,3880000₽,1,нет,,,Свободная продажа,,2020,,21 м2,102105₽/м²,во двор,,Панельный,,Евро,,ленинский,,,,Железобетонный,есть,
3,"62,2 м2",https://domclick.ru/card/sale__flat__2017608964,нет,10,192,1,,,2,"12,3 м2",нет,4100000₽,2,нет,нет,,Свободная продажа,Раздельный,2010,нет,"28,6 м2",65916₽/м²,во двор,,Смешанные,2.6,Косметический,,ленинский,,,,Железобетонный,есть,1
4,40 м2,https://domclick.ru/card/sale__flat__2058816745,,5,,1,,,1,12 м2,,3150000₽,1,есть,,,Свободная продажа,,2000,,18 м2,78750₽/м²,на улицу,,Кирпичный,,,,ленинский,,,,,,
5,"57,7 м2",https://domclick.ru/card/sale__flat__2057322613,,5,,1,,Квартирное (квартирный котел),3,7 м2,,3550000₽,,есть,,,Свободная продажа,,1966,,36 м2,61525₽/м²,во двор,,Кирпичный,2.7,косметический,,ленинский,,,Ленточный,Железобетонный,,
2,"59,4 м2",https://domclick.ru/card/sale__flat__2058126365,,5,,1,,,3,9 м2,,3300000₽,,есть,,v-кирпичный,Свободная продажа,,1985,,49 м2,55555₽/м²,"во двор, на улицу",,Кирпичный,,косметический,,ленинский,,,Ленточный,Железобетонный,,
8,85 м2,https://domclick.ru/card/sale__flat__1882982337,нет,10,,,,,3,10 м2,нет,6300000₽,1,есть,нет,,Свободная продажа,,2000,нет,60 м2,74117₽/м²,,,Кирпичный,,,нет,ленинский,,,,,,
9,"66,3 м2",https://domclick.ru/card/sale__flat__2059160848,,10,,2,,,2,11 м2,,5799000₽,1,есть,,,Свободная продажа,,2007,,40 м2,87466₽/м²,на улицу,,Кирпичный,2.7,,,ленинский,,,,,,
2,"65,2 м2",https://domclick.ru/card/sale__flat__2058638317,,9,,1,,,3,10 м2,,4430000₽,1,есть,,1-панельный,Свободная продажа,,1987,,45 м2,67944₽/м²,,,Панельный,,,,ленинский,,есть,,Железобетонный,есть,
2,"42,3 м2",https://domclick.ru/card/sale__flat__2057219942,нет,5,,,,,3,,,2600000₽,,есть,,a-a,Альтернатива,,1965,,30 м2,61465₽/м²,,,Кирпичный,,,нет,ленинский,,,Иной,Железобетонный,,
5,"30,4 м2",https://domclick.ru/card/sale__flat__2059553447,нет,5,,1,,,1,,,2500000₽,,есть,,a-a,Свободная продажа,Совмещенный,1966,,,82236₽/м²,,,Панельный,,Косметический,,ленинский,,,Иной,Железобетонный,,
12,"34,1 м2",https://domclick.ru/card/sale__flat__2058657443,есть,14,,1,,Центральное,1,12 м2,нет,3700000₽,3,нет,нет,,Свободная продажа,Совмещенный,2022,нет,16 м2,108504₽/м²,во двор,,Кирпичный,2.7,Дизайнерский,,ленинский,Меньше трех,,,Железобетонный,,1
4,194 м2,https://domclick.ru/card/sale__flat__2015792306,нет,4,,1,,,4,,нет,16000000₽,,есть,нет,,Свободная продажа,Совмещенный,1999,нет,80 м2,82474₽/м²,во двор,,Кирпичный,3,Евро,,ленинский,Больше пяти,есть,,,,1
2,"55,4 м2",https://domclick.ru/card/sale__flat__2059491685,нет,3,,,,Поквартирный котел,2,"10,1 м2",,4200000₽,,есть,,,Свободная продажа,Совмещенный,2018,,34 м2,75812₽/м²,во двор,есть,Монолитный,,Косметический,нет,ленинский,,,,Железобетонный,,
2,"32,5 м2",https://domclick.ru/card/sale__flat__2056868067,нет,5,160,1,,,1,,нет,2690000₽,1,есть,нет,,Свободная продажа,Совмещенный,2021,нет,25 м2,82769₽/м²,на улицу,,Кирпичный,2.7,Без ремонта,,ленинский,Меньше трех,,Ленточный,Железобетонный,,1
1,42 м2,https://domclick.ru/card/sale__flat__2058894056,есть,10,214,1,,,1,10 м2,нет,3549900₽,3,есть,нет,индивидуальный проект 11060.3.00-12-ас,Свободная продажа,Совмещенный,2011,нет,17 м2,84521₽/м²,во двор,,Панельный,,Евро,,ленинский,От трех до пяти,,,,есть,1
4,"31,2 м2",https://domclick.ru/card/sale__flat__2058252022,,3,,,,Центральное,1,11 м2,,2199000₽,1,есть,,,Свободная продажа,,2019,,18 м2,70480₽/м²,во двор,,Блочный,,Требует ремонта,нет,ленинский,,,,Железобетонный,,
8,"49,7 м2",https://domclick.ru/card/sale__flat__2059049834,,10,,1,,,1,"16,6 м2",,3650000₽,1,,,,Переуступка,,2024,,"14,9 м2",73425₽/м²,"во двор, на улицу",,Монолитный,,предчистовая,,ленинский,,,,,,
5,33 м2,https://domclick.ru/card/sale__flat__2059536718,нет,16,125,,,,1,8 м2,,2899000₽,2,есть,,1-панельный,Свободная продажа,Совмещенный,1980,,16 м2,87848₽/м²,во двор,,Панельный,2.6,Без ремонта,нет,ленинский,Больше пяти,есть,,,есть,1
9,67 м2,https://domclick.ru/card/sale__flat__2056567143,,14,134,1,,,2,13 м2,,5650000₽,1,нет,,01-пз индивидуальный проект,Свободная продажа,,2016,,35 м2,84328₽/м²,во двор,,Кирпичный,2.8,евроремонт,,ленинский,,,,,есть,
1,"42,2 м2",https://domclick.ru/card/sale__flat__2059204848,нет,5,,,1,,2,"5,9 м2",нет,3400000₽,,есть,нет,a-a,Свободная продажа,Совмещенный,1965,нет,29 м2,80568₽/м²,на улицу,,Панельный,,Косметический,нет,ленинский,От трех до пяти,,Иной,Железобетонный,,2
2,"44,6 м2",https://domclick.ru/card/sale__flat__2058251943,,2,,,,,2,6 м2,,2199000₽,,есть,,v-кирпичный,Свободная продажа,,1962,,30 м2,49304₽/м²,во двор,,Кирпичный,,евроремонт,нет,ленинский,,,Ленточный,Деревянный,,
7,"76,2 м2",https://domclick.ru/card/sale__flat__1864781066,нет,12,,2,,,2,"22,1 м2",нет,5500000₽,2,нет,нет,,Свободная продажа,Раздельный,2024,нет,31 м2,72159₽/м²,"во двор, на лес",,Кирпичный,2.7,Без ремонта,,ленинский,,,,Железобетонный,,
8,"20,5 м2",https://domclick.ru/card/sale__flat__2059474947,,9,,,,,,4 м2,,2200000₽,,есть,,,Свободная продажа,,1980,,16 м2,107317₽/м²,,,Кирпичный,,Евроремонт,нет,ленинский,,,,,,
8,"134,2 м2",https://domclick.ru/card/sale__flat__2059195563,нет,10,,2,,,4,20 м2,,13000000₽,1,есть,,v-кирпичный,Свободная продажа,Более одного,2010,,100 м2,96870₽/м²,"во двор, на улицу",,Кирпичный,,Евро,,ленинский,Больше пяти,,,Железобетонный,есть,
7,"61,5 м2",https://domclick.ru/card/sale__flat__2059320750,нет,14,,1,,,2,,нет,6200000₽,,нет,нет,,Свободная продажа,Совмещенный,2015,нет,50 м2,100813₽/м²,,,Смешанные,,Евро,,ленинский,,,Иной,Смешанный,есть,
2,"46,5 м2",https://domclick.ru/card/sale__flat__2059318706,нет,5,,1,,,2,,нет,3700000₽,,есть,нет,1-панельный,Свободная продажа,,1983,нет,38 м2,79569₽/м²,во двор,,Панельный,,Косметический,,ленинский,Больше пяти,,Ленточный,Железобетонный,,1
2,76 м2,https://domclick.ru/card/sale__flat__2058200380,,4,,,,,3,25 м2,,10990000₽,,есть,,v-кирпичный,Свободная продажа,,1936,,43 м2,144605₽/м²,"во двор, на улицу",,Кирпичный,,Дизайнерский,нет,ленинский,,,Ленточный,Железобетонный,,
1,"74,5 м2",https://domclick.ru/card/sale__flat__2058544869,нет,17,,1,,Центральное,3,17 м2,нет,5600000₽,2,нет,нет,,Альтернатива,Совмещенный,2018,нет,40 м2,75167₽/м²,во двор,,Панельный,,Косметический,,ленинский,Больше пяти,,,Железобетонный,есть,3
13,35 м2,https://domclick.ru/card/sale__flat__2057571950,есть,17,359,1,1,,1,10 м2,нет,3450000₽,3,нет,нет,,Свободная продажа,Совмещенный,2019,нет,"19,4 м2",98571₽/м²,"на улицу, на лес",,Панельный,2.7,Косметический,,ленинский,От трех до пяти,,,Железобетонный,есть,1
5,"72,8 м2",https://domclick.ru/card/sale__flat__1965456832,есть,17,,1,,Центральное,3,"18,4 м2",нет,5752780₽,3,нет,нет,,Переуступка,Совмещенный,2022,нет,45 м2,79000₽/м²,во двор,,Кирпичный,2.7,Без ремонта,,ленинский,,,,Железобетонный,есть,
4,"47,1 м2",https://domclick.ru/card/sale__flat__2049253384,,9,,,,,2,8 м2,,4050000₽,1,есть,,1-панельный,Свободная продажа,,1984,,"26,1 м2",85987₽/м²,,,Панельный,,Косметический ремонт,нет,ленинский,,есть,,Железобетонный,есть,
3,17 м2,https://domclick.ru/card/sale__flat__1935134467,,9,,,,,1,,,845000₽,1,нет,,,Свободная продажа,,1978,,17 м2,49705₽/м²,во двор,,Кирпичный,,косметический,нет,ленинский,,,Иной,Железобетонный,есть,
3,"52,3 м2",https://domclick.ru/card/sale__flat__2057441073,нет,14,83,,,,2,10 м2,,4300000₽,1,есть,,,Свободная продажа,Раздельный,2013,,30 м2,82217₽/м²,"во двор, на улицу",,Блочный,,Косметический,нет,ленинский,,,,Железобетонный,есть,
5,"67,7 м2",https://domclick.ru/card/sale__flat__1948244528,есть,17,,1,,Центральное,3,"18,4 м2",нет,5415200₽,3,нет,нет,,Переуступка,Совмещенный,2022,нет,47 м2,80000₽/м²,,,Кирпичный,2.7,Без ремонта,,ленинский,,,,Железобетонный,есть,
3,"29,7 м2",https://domclick.ru/card/sale__flat__2059527185,нет,9,,1,,,1,,,1890000₽,1,есть,,,Свободная продажа,Совмещенный,1992,,23 м2,63636₽/м²,во двор,,Монолитный,,Косметический,,ленинский,,,Сборный,Железобетонный,есть,
3,"82,5 м2",https://domclick.ru/card/sale__flat__2058251990,,5,,,,,4,30 м2,,3100000₽,,есть,,1-панельный,Свободная продажа,,1973,,"47,7 м2",37575₽/м²,во двор,,Кирпичный,,косметический,нет,ленинский,,,Ленточный,Железобетонный,,
11,"62,5 м2",https://domclick.ru/card/sale__flat__2057507263,,16,779,1,,,2,"13,8 м2",,5200000₽,1,,,1-панельный,Свободная продажа,,2013,,"31,2 м2",83200₽/м²,на улицу,,Монолитный,3,,,ленинский,,,,,есть,
7,45 м2,https://domclick.ru/card/sale__flat__2058885977,нет,12,,,,,1,,нет,4100000₽,1,нет,нет,,Свободная продажа,Совмещенный,2012,нет,22 м2,91111₽/м²,во двор,,Кирпичный,,Евро,нет,ленинский,Больше пяти,,Иной,Железобетонный,есть,1
6,"104,9 м2",https://domclick.ru/card/sale__flat__1946470301,,14,130,1,,,3,18 м2,,9500000₽,1,,,645.0.00-15-фо-2012,Свободная продажа,,2014,,65 м2,90562₽/м²,,,Кирпичный,2.8,Дизайнерский,,ленинский,,,,,есть,
3,54 м2,https://domclick.ru/card/sale__flat__2055836256,,16,,1,,,1,12 м2,,4200000₽,1,,,,,,2008,,,77777₽/м²,,,Монолитно-кирпичный,,Косметический,,ленинский,,,Свайный,Железобетонный,есть,
1,"40,7 м2",https://domclick.ru/card/sale__flat__2056344254,,4,,,,,3,6 м2,,2540000₽,,есть,,v-кирпичный,Свободная продажа,,1962,,"30,9 м2",62407₽/м²,во двор,,Кирпичный,2.7,косметический,нет,ленинский,,,Ленточный,Железобетонный,,
1,"21,5 м2",https://domclick.ru/card/sale__flat__2058439300,,1,,,,,2,3 м2,,990000₽,,есть,,II-14,Свободная продажа,,1917,,"18,5 м2",46046₽/м²,во двор,,Деревянный,3,косметический,нет,ленинский,,,Сборный,Деревянный,,
6,82 м2,https://domclick.ru/card/sale__flat__1817552105,нет,9,69,2,,,2,16 м2,,6300000₽,1,есть,,v-кирпичный,Свободная продажа,Раздельный,2007,,36 м2,76829₽/м²,"во двор, на улицу",,Кирпичный,2.7,Дизайнерский,,ленинский,Больше пяти,,,,есть,2
2,"45,1 м2",https://domclick.ru/card/sale__flat__1703785853,есть,17,,1,,Центральное,1,12 м2,нет,3382500₽,3,нет,нет,,Свободная продажа,Совмещенный,2022,нет,32 м2,75000₽/м²,,,Кирпичный,2.7,Без ремонта,,ленинский,,,,Железобетонный,есть,1
15,"48,3 м2",https://domclick.ru/card/sale__flat__1822880054,,18,332,1,,Центральное,1,19 м2,,4700000₽,,,,,,,2021,,13 м2,97308₽/м²,,,Панельный,,Евро,,ленинский,,,,Железобетонный,,
5,44 м2,https://domclick.ru/card/sale__flat__2059113077,нет,12,,1,,,1,,нет,3200000₽,2,нет,нет,,Свободная продажа,Раздельный,2024,нет,35 м2,72727₽/м²,,,Монолитный,2.7,Без ремонта,,ленинский,,,,,,
6,43 м2,https://domclick.ru/card/sale__flat__2056415145,нет,17,371,1,,Центральное,1,,нет,3250000₽,,нет,нет,,Свободная продажа,Совмещенный,2023,нет,35 м2,75581₽/м²,во двор,,Панельный,,Без ремонта,,ленинский,,,,Железобетонный,,1
1,"48,1 м2",https://domclick.ru/card/sale__flat__1794469436,,11,,1,,,2,7 м2,,3050000₽,1,есть,,v-кирпичный,Свободная продажа,,1977,,"30,4 м2",63409₽/м²,на улицу,,Кирпичный,,косметический,,ленинский,,,,Железобетонный,есть,
11,92 м2,https://domclick.ru/card/sale__flat__2056173254,,14,,1,,,3,17 м2,,7800000₽,1,,,,Свободная продажа,,2015,,44 м2,84782₽/м²,на улицу,,Кирпичный,,,,ленинский,,,Ленточный,Железобетонный,есть,
13,"80,7 м2",https://domclick.ru/card/sale__flat__2058251905,,14,130,,,,3,"11,6 м2",,6300000₽,1,,,КУБ-2.5,Свободная продажа,,2013,,"46,1 м2",78066₽/м²,во двор,,Блочный,2.7,косметический,нет,ленинский,,,,,есть,
2,30 м2,https://domclick.ru/card/sale__flat__2038643322,,1,,1,,,1,10 м2,,1899000₽,,,,,Свободная продажа,,2014,,15 м2,63300₽/м²,во двор,,,2.7,косметический,,ленинский,,,,,,
6,65 м2,https://domclick.ru/card/sale__flat__2058991086,,9,,1,,,3,"7,7 м2",,4600000₽,,есть,,121,,,1985,,42 м2,70769₽/м²,,,Панельный,,Косметический,,ленинский,,есть,,Железобетонный,есть,
1,"23,1 м2",https://domclick.ru/card/sale__flat__2055790512,,2,,,,,2,3 м2,,1450000₽,,есть,,,Свободная продажа,,1917,,13 м2,62770₽/м²,во двор,,Кирпичный,2.5,косметический,нет,ленинский,,,,Деревянный,,
11,"46,7 м2",https://domclick.ru/card/sale__flat__2055921617,,16,779,1,,,1,12 м2,,3950000₽,1,,,1-панельный,Свободная продажа,,2013,,20 м2,84582₽/м²,на улицу,,Монолитный,3,,,ленинский,,,,,есть,
15,"36,6 м2",https://domclick.ru/card/sale__flat__2059291440,есть,16,779,1,,,1,9 м2,нет,3300000₽,2,нет,нет,1-панельный,Свободная продажа,Совмещенный,2013,нет,18 м2,90163₽/м²,во двор,,Монолитный,,Косметический,,ленинский,Меньше трех,,,,есть,1
3,"55,3 м2",https://domclick.ru/card/sale__flat__2056409493,,17,,1,,,2,12 м2,,4490000₽,1,есть,,индивидуальный проект 11060.3.00-12-ас,Свободная продажа,,2013,,32 м2,81193₽/м²,на улицу,,Панельный,2.7,,,ленинский,,,,Железобетонный,есть,
15,"46,8 м2",https://domclick.ru/card/sale__flat__2059382147,есть,18,,1,,Центральное,1,"18,4 м2",нет,3510000₽,3,нет,нет,,Свободная продажа,Совмещенный,2023,нет,"15,9 м2",75000₽/м²,во двор,,Монолитно-кирпичный,3,Без ремонта,,ленинский,,,,Железобетонный,,
2,"50,5 м2",https://domclick.ru/card/sale__flat__2056904711,,17,,1,,,1,9 м2,,4040000₽,1,,,II-14,Свободная продажа,,2017,,"17,5 м2",80000₽/м²,на улицу,,Панельный,,,,ленинский,,,,Железобетонный,есть,
2,"79,3 м2",https://domclick.ru/card/sale__flat__2056630257,нет,5,,,,,3,"14,4 м2",,7500000₽,,есть,,,Свободная продажа,,2022,,,94577₽/м²,,,Кирпичный,,Евро,нет,ленинский,,,,,,
5,44 м2,https://domclick.ru/card/sale__flat__2057748908,нет,17,,1,,,1,11 м2,,3700000₽,,есть,,индивидуальный проект 11060.3.00-12-ас,Альтернатива,Совмещенный,2013,,"17,4 м2",84090₽/м²,на улицу,,Панельный,,Евро,,ленинский,Больше пяти,,,Железобетонный,есть,2
5,"61,5 м2",https://domclick.ru/card/sale__flat__2058208745,нет,5,,1,,,3,"5,5 м2",нет,3270000₽,,есть,нет,a-a,Свободная продажа,Раздельный,1968,нет,40 м2,53170₽/м²,"во двор, на улицу",,Панельный,,Косметический,,ленинский,Больше пяти,,Иной,Железобетонный,,
6,34 м2,https://domclick.ru/card/sale__flat__2056687273,нет,9,,1,,,1,8 м2,нет,3200000₽,1,есть,нет,v-кирпичный,Свободная продажа,Раздельный,1987,нет,24 м2,94117₽/м²,на улицу,,Кирпичный,,Косметический,,ленинский,,есть,,Железобетонный,есть,1
10,"88,3 м2",https://domclick.ru/card/sale__flat__2058783056,нет,10,,,,,3,17 м2,,7280000₽,1,есть,,,Альтернатива,,2007,,65 м2,82446₽/м²,,,Кирпичный,,,нет,ленинский,,,,,,
9,"48,7 м2",https://domclick.ru/card/sale__flat__2057691236,,17,,1,,,2,13 м2,,4300000₽,1,есть,,индивидуальный проект 11060.3.00-12-ас,Свободная продажа,,2013,,18 м2,88295₽/м²,,,Панельный,,,,ленинский,,,,Железобетонный,есть,
9,"37,3 м2",https://domclick.ru/card/sale__flat__2058433588,нет,10,,1,,,1,10 м2,нет,2850000₽,1,есть,нет,121,Свободная продажа,Совмещенный,2000,нет,19 м2,76407₽/м²,,,Панельный,,Косметический,,ленинский,,,,Железобетонный,есть,1
5,"61,8 м2",https://domclick.ru/card/sale__flat__1772909199,,5,69,1,,,4,14 м2,,3490000₽,,есть,,v-кирпичный,,,1970,,,56472₽/м²,,,Кирпичный,,Косметический,,ленинский,,,,Железобетонный,,
9,"81,1 м2",https://domclick.ru/card/sale__flat__2058251965,,19,176,,,,3,15 м2,,11799000₽,1,,,,Свободная продажа,,2021,,60 м2,145487₽/м²,во двор,,Кирпичный,2.7,евроремонт,нет,ленинский,,,,Железобетонный,есть,
7,24 м2,https://domclick.ru/card/sale__flat__2058952133,нет,17,391,,,,,,нет,2580000₽,1,нет,нет,,Свободная продажа,Совмещенный,2021,нет,10 м2,107500₽/м²,на улицу,,Панельный,2.7,Евро,нет,ленинский,Меньше трех,,,Железобетонный,есть,1
5,44 м2,https://domclick.ru/card/sale__flat__2058965442,нет,5,,1,,,2,6 м2,нет,2999999₽,,есть,нет,1-панельный,Свободная продажа,Раздельный,1972,нет,30 м2,68181₽/м²,во двор,,Панельный,,Косметический,,ленинский,,есть,,Железобетонный,,
3,"78,8 м2",https://domclick.ru/card/sale__flat__2059149607,есть,12,,1,,Центральное,2,"22,1 м2",нет,5500000₽,3,нет,нет,,Свободная продажа,Раздельный,2024,нет,31 м2,69796₽/м²,,,Монолитный,2.7,Без ремонта,,ленинский,,,,Железобетонный,,
12,"63,7 м2",https://domclick.ru/card/sale__flat__2057375329,есть,16,76,1,,,2,,нет,5000000₽,3,нет,нет,а монолитный,Свободная продажа,Раздельный,2014,нет,38 м2,78492₽/м²,во двор,,Панельный,,Косметический,,ленинский,Больше пяти,,,,есть,1
5,85 м2,https://domclick.ru/card/sale__flat__2058864593,есть,14,240,2,,,3,14 м2,,9500000₽,2,,,v-кирпичный,Свободная продажа,,2015,,"48,6 м2",111764₽/м²,на улицу,,Кирпичный,2.8,,,ленинский,,,,,есть,
5,59 м2,https://domclick.ru/card/sale__flat__2059489084,нет,5,100,1,,,3,"6,5 м2",нет,3150000₽,,есть,нет,"i, блочный",Свободная продажа,Раздельный,1973,нет,42 м2,53389₽/м²,во двор,,Блочный,,Косметический,,ленинский,Больше пяти,,,Железобетонный,,1
10,48 м2,https://domclick.ru/card/sale__flat__2059490875,есть,17,,1,,Центральное,1,17 м2,нет,3592500₽,2,нет,нет,,Свободная продажа,Совмещенный,2022,нет,27 м2,74843₽/м²,во двор,,Кирпичный,2.7,Без ремонта,,ленинский,,,,Железобетонный,есть,
8,"34,3 м2",https://domclick.ru/card/sale__flat__2059532864,нет,14,,1,,,,,нет,3586000₽,2,нет,нет,,Свободная продажа,Совмещенный,2015,нет,28 м2,104548₽/м²,,,Смешанные,2.7,Без ремонта,,ленинский,,,Иной,Смешанный,есть,
10,46 м2,https://domclick.ru/card/sale__flat__2057438521,,17,,1,,Центральное,1,5 м2,,4400000₽,,,,,Свободная продажа,,2022,,26 м2,95652₽/м²,,,Кирпичный,,,,ленинский,,,,Железобетонный,есть,
13,"36,2 м2",https://domclick.ru/card/sale__flat__2056081043,,18,,1,,,1,10 м2,,3250000₽,1,,,1-панельный,Свободная продажа,,2015,,20 м2,89779₽/м²,на улицу,,Панельный,2.7,косметический,,ленинский,,,,Железобетонный,есть,
8,"38,7 м2",https://domclick.ru/card/sale__flat__2058199466,есть,14,247,1,,,1,10 м2,,3650000₽,2,,,а монолитный,Свободная продажа,,2015,,20 м2,94315₽/м²,во двор,,Монолитный,2.75,,,ленинский,,,,,есть,
4,42 м2,https://domclick.ru/card/sale__flat__2059053519,нет,4,,1,1,,3,6 м2,нет,2700000₽,,есть,нет,v-кирпичный,Свободная продажа,Совмещенный,1959,нет,36 м2,64285₽/м²,на улицу,,Кирпичный,,Косметический,,ленинский,От трех до пяти,,Ленточный,Железобетонный,,1
1,"57,5 м2",https://domclick.ru/card/sale__flat__2057196971,нет,3,,,,Поквартирный котел,2,"10,8 м2",,5000000₽,,есть,,,Свободная продажа,,2020,,"29,3 м2",86956₽/м²,,есть,Кирпичный,,,нет,ленинский,,,,Железобетонный,,
1,30 м2,https://domclick.ru/card/sale__flat__1962911317,,2,,1,,,1,6 м2,,1345000₽,,есть,,v-кирпичный,,,1964,,,44833₽/м²,,,Кирпичный,,Отсутствует,,ленинский,,,Ленточный,Железобетонный,,
17,112 м2,https://domclick.ru/card/sale__flat__2056002693,нет,17,,1,,Центральное,3,10 м2,нет,7900000₽,,нет,нет,,Свободная продажа,Более одного,2018,нет,92 м2,70535₽/м²,"на улицу, во двор",,Монолитный,2.7,Дизайнерский,,ленинский,,,,Железобетонный,есть,
3,"91,6 м2",https://domclick.ru/card/sale__flat__1703510758,есть,17,,2,,Центральное,3,"16,4 м2",нет,6320400₽,3,,нет,,Свободная продажа,Раздельный,2022,нет,"50,6 м2",69000₽/м²,"во двор, на улицу",,Кирпичный,2.7,Без ремонта,,ленинский,,,,Железобетонный,есть,1
8,41 м2,https://domclick.ru/card/sale__flat__2056537221,,14,332,1,,Центральное,2,21 м2,,3890000₽,,,,,Свободная продажа,,2022,,14 м2,94878₽/м²,,,Панельный,,,,ленинский,,,,Железобетонный,,
7,38 м2,https://domclick.ru/card/sale__flat__1950278124,есть,19,448,1,,,1,"11,5 м2",,3590000₽,2,нет,,,Свободная продажа,,2018,,20 м2,94473₽/м²,на улицу,,Смешанные,,косметический,,ленинский,,,,Железобетонный,есть,
9,70 м2,https://domclick.ru/card/sale__flat__2059542145,есть,15,,1,,,2,,,6999000₽,2,,,60,Свободная продажа,,2015,,,99985₽/м²,во двор,,Монолитный,,Хороший,,ленинский,,,,Железобетонный,есть,
5,"68,7 м2",https://domclick.ru/card/sale__flat__2059465569,,9,,,,,3,"7,1 м2",,3690000₽,1,есть,,75/крупнопанельный,Свободная продажа,,1988,,"44,9 м2",53711₽/м²,во двор,,Панельный,,Требует ремонта,нет,ленинский,,,,Железобетонный,есть,
1,48 м2,https://domclick.ru/card/sale__flat__2059306994,,21,,1,,,1,15 м2,,4390000₽,1,,,,Свободная продажа,,2016,,19 м2,91458₽/м²,на улицу,,Иные,2.7,,,ленинский,,есть,Ленточный,Железобетонный,есть,
14,"56,4 м2",https://domclick.ru/card/sale__flat__1911420608,,17,,1,,,2,12 м2,,4599000₽,1,,,а-литер,,,2009,,,81542₽/м²,,,Смешанные,,Евро,,ленинский,,,,Железобетонный,есть,
2,"45,7 м2",https://domclick.ru/card/sale__flat__2056858254,нет,3,,1,,,1,"15,1 м2",нет,3640000₽,,есть,нет,,Свободная продажа,Совмещенный,2013,нет,"19,3 м2",79649₽/м²,на улицу,,Кирпичный,2.7,Косметический,,ленинский,,,,,,
1,125 м2,https://domclick.ru/card/sale__flat__2056943190,нет,3,,,,,3,20 м2,нет,13200000₽,,,нет,,Свободная продажа,Раздельный,,нет,100 м2,105600₽/м²,,,Кирпичный,,Евро,нет,ленинский,Больше пяти,,,,,1
7,"32,6 м2",https://domclick.ru/card/sale__flat__2058960725,,10,233,1,,,1,9 м2,,2800000₽,,есть,,7630.1.01-01-а-панельный,,,2004,,,85889₽/м²,,,Панельный,,Косметический,,ленинский,,,,,есть,
4,35 м2,https://domclick.ru/card/sale__flat__1807118559,нет,9,,,,,1,,нет,2150000₽,,есть,нет,75/крупнопанельный,Свободная продажа,,1988,нет,18 м2,61428₽/м²,,,Панельный,,,нет,ленинский,,,,Железобетонный,есть,
7,"39,5 м2",https://domclick.ru/card/sale__flat__2057341435,есть,14,332,1,,Центральное,1,17 м2,нет,3799000₽,3,нет,нет,,Свободная продажа,Совмещенный,2022,нет,12 м2,96177₽/м²,на улицу,,Панельный,2.5,Дизайнерский,,ленинский,От трех до пяти,,,Железобетонный,,
1,37 м2,https://domclick.ru/card/sale__flat__2057587175,,17,304,1,,,1,"11,1 м2",,2999999₽,1,есть,,индивидуальный проект 11060.3.00-12-ас,Свободная продажа,,2011,,"14,2 м2",81081₽/м²,,,Панельный,,,,ленинский,,,,,есть,
8,47 м2,https://domclick.ru/card/sale__flat__2059319340,нет,17,,1,,,2,"17,5 м2",нет,3980000₽,,есть,нет,индивидуальный проект 11060.3.00-12-ас,Свободная продажа,Совмещенный,2012,нет,16 м2,84680₽/м²,"во двор, на улицу",,Панельный,,Евро,,ленинский,,,,Железобетонный,есть,1
2,"40,6 м2",https://domclick.ru/card/sale__flat__2059204072,нет,5,,1,1,,2,"5,8 м2",нет,3288000₽,,есть,нет,a-a,Свободная продажа,Совмещенный,1963,нет,28 м2,80985₽/м²,во двор,,Кирпичный,,Косметический,,ленинский,От трех до пяти,,Иной,Железобетонный,,1
11,76 м2,https://domclick.ru/card/sale__flat__1987542646,есть,20,401,1,,,2,13 м2,,8790000₽,3,нет,,,Свободная продажа,Более одного,2014,,,115657₽/м²,,,Монолитный,2.8,Евро,,ленинский,Больше пяти,,,Железобетонный,есть,2
5,40 м2,https://domclick.ru/card/sale__flat__2058251977,,10,,,,,1,"10,8 м2",,3850000₽,1,есть,,v-кирпичный,Свободная продажа,,2010,,"29,2 м2",96250₽/м²,во двор,,Кирпичный,,Дизайнерский,нет,ленинский,,,,Железобетонный,есть,
7,"54,6 м2",https://domclick.ru/card/sale__flat__2059177156,,9,,1,,,1,12 м2,,5100000₽,1,есть,,a-a,Свободная продажа,,1979,,38 м2,93406₽/м²,"во двор, на улицу",,Кирпичный,3,евроремонт,,ленинский,,,,Железобетонный,есть,
2,36 м2,https://domclick.ru/card/sale__flat__2059545248,нет,10,,1,,,1,9 м2,,3450000₽,,есть,,75 (111-75),Свободная продажа,,1981,,26 м2,95833₽/м²,во двор,,Панельный,,Косметический,,ленинский,,есть,,Железобетонный,есть,
2,38 м2,https://domclick.ru/card/sale__flat__1886897255,,17,359,,,,1,"9,5 м2",,4100000₽,,,,,,,2020,,,107894₽/м²,,,Панельный,,Евро,нет,ленинский,,,,Железобетонный,есть,
8,63 м2,https://domclick.ru/card/sale__flat__2055950473,есть,14,,1,,Центральное,2,11 м2,нет,4200000₽,2,нет,нет,,Свободная продажа,Раздельный,2022,нет,52 м2,66666₽/м²,"во двор, на улицу",,Кирпичный,,Без ремонта,,ленинский,,,,Железобетонный,,
3,31 м2,https://domclick.ru/card/sale__flat__2059362832,,5,,,,,2,5 м2,,3650000₽,,есть,,v-кирпичный,Свободная продажа,,1967,,20 м2,117741₽/м²,во двор,,Кирпичный,,,нет,ленинский,,,Ленточный,Железобетонный,,
4,45 м2,https://domclick.ru/card/sale__flat__2059087800,,5,,,,,2,6 м2,,3150000₽,,есть,,"14/14, индивидуальный",Свободная продажа,,1977,,32 м2,70000₽/м²,во двор,,Панельный,,косметический,нет,ленинский,,,Иной,Железобетонный,,
2,"53,3 м2",https://domclick.ru/card/sale__flat__2059026419,нет,9,214,1,,,2,"7,7 м2",,3790000₽,1,есть,,1-панельный,Свободная продажа,Раздельный,1979,,"30,1 м2",71106₽/м²,"во двор, на улицу",,Панельный,,Без ремонта,,ленинский,,есть,,,есть,
5,49 м2,https://domclick.ru/card/sale__flat__2059387369,нет,5,54,,,,2,9 м2,нет,3100000₽,,есть,нет,,Свободная продажа,Совмещенный,1987,нет,30 м2,63265₽/м²,во двор,,Кирпичный,,Евро,нет,ленинский,,,Бетонные столбы,Железобетонный,,
13,"36,3 м2",https://domclick.ru/card/sale__flat__2058507765,,17,,,,,1,12 м2,,3499000₽,1,,,,Свободная продажа,,2020,,18 м2,96391₽/м²,,,Панельный,,,нет,ленинский,,,,,,
16,"33,4 м2",https://domclick.ru/card/sale__flat__2058251904,,17,,,,,1,15 м2,,2850000₽,1,есть,,,Свободная продажа,,2017,,"18,4 м2",85329₽/м²,во двор,,Панельный,,косметический,нет,ленинский,,,,,,
5,"77,9 м2",https://domclick.ru/card/sale__flat__2059113273,нет,9,,1,,,2,,нет,5300000₽,,нет,нет,,Свободная продажа,Раздельный,2024,нет,70 м2,68035₽/м²,,,Монолитный,,Без ремонта,,ленинский,,,,,,
11,75 м2,https://domclick.ru/card/sale__flat__2059172356,,17,,,,,2,17 м2,,5800000₽,1,есть,,,Свободная продажа,,2013,,50 м2,77333₽/м²,,,Панельный,,,нет,ленинский,,,,,,
11,38 м2,https://domclick.ru/card/sale__flat__2058232630,,18,,1,,,1,10 м2,,3700000₽,1,,,1-панельный,Свободная продажа,,2017,,16 м2,97368₽/м²,,,Панельный,,,,ленинский,,,,Железобетонный,есть,
9,65 м2,https://domclick.ru/card/sale__flat__2058219737,нет,25,,1,,Центральное,2,,нет,8700000₽,1,нет,нет,,Свободная продажа,Совмещенный,2021,нет,31 м2,133846₽/м²,во двор,,Монолитный,,Евро,,ленинский,Меньше трех,,,Железобетонный,есть,1
6,52 м2,https://domclick.ru/card/sale__flat__2058964495,нет,9,,1,,,2,10 м2,нет,4000000₽,,есть,нет,а-литер,Свободная продажа,Раздельный,1984,нет,"29,6 м2",76923₽/м²,на улицу,,Панельный,2.5,Косметический,,ленинский,,,,Железобетонный,есть,
1,130 м2,https://domclick.ru/card/sale__flat__1816253973,,3,,1,,,3,20 м2,,13400000₽,,,,,,,,,,103076₽/м²,,,Кирпичный,,Евро,,ленинский,,,,,,
13,109 м2,https://domclick.ru/card/sale__flat__2059533557,нет,18,,1,,Центральное,3,,нет,8131000₽,2,нет,нет,,Свободная продажа,Совмещенный,2023,нет,90 м2,74596₽/м²,,,Монолитно-кирпичный,2.7,Без ремонта,,ленинский,,,,Железобетонный,,
9,46 м2,https://domclick.ru/card/sale__flat__2056334233,есть,10,214,1,,,1,16 м2,,3660000₽,3,есть,,индивидуальный проект 11060.3.00-12-ас,Свободная продажа,Совмещенный,2011,,17 м2,79565₽/м²,"во двор, на улицу",,Панельный,,Косметический,,ленинский,,,,,есть,
1,"33,3 м2",https://domclick.ru/card/sale__flat__2059046746,нет,5,89,,,,1,"5,5 м2",,2500000₽,,есть,,1-панельный,Свободная продажа,Совмещенный,1980,,20 м2,75075₽/м²,на улицу,,Панельный,2.7,Косметический,нет,ленинский,От трех до пяти,,,Железобетонный,,2
9,67 м2,https://domclick.ru/card/sale__flat__2056576804,нет,11,,,,,3,8 м2,,4995000₽,1,есть,,1-панельный,Свободная продажа,,1987,,49 м2,74552₽/м²,,,Панельный,,,нет,ленинский,,есть,,Железобетонный,есть,
13,"55,1 м2",https://domclick.ru/card/sale__flat__2059050147,,15,,1,,,2,10 м2,,3750000₽,1,есть,,,Свободная продажа,,2015,,30 м2,68058₽/м²,во двор,,Кирпичный,2.7,евроремонт,,ленинский,,,Иной,Железобетонный,есть,
2,83 м2,https://domclick.ru/card/sale__flat__2057509372,нет,3,,,,,3,"9,5 м2",нет,3700000₽,,есть,нет,,Свободная продажа,Раздельный,1947,нет,"56,9 м2",44578₽/м²,во двор,,Кирпичный,,Без ремонта,нет,ленинский,Меньше трех,,,,,1
3,"33,9 м2",https://domclick.ru/card/sale__flat__2058251874,,10,,,,,1,10 м2,,3100000₽,1,есть,,v-кирпичный,Свободная продажа,,2010,,18 м2,91445₽/м²,во двор,,Кирпичный,,евроремонт,нет,ленинский,,есть,,Железобетонный,есть,
3,"74,5 м2",https://domclick.ru/card/sale__flat__2057038732,,17,,1,,,2,18 м2,,5690000₽,1,есть,,индивидуальный проект 11060.3.00-12-ас,Свободная продажа,,2012,,40 м2,76375₽/м²,"во двор, на улицу",,Панельный,,Дизайнерский,,ленинский,,,,Железобетонный,есть,
9,90 м2,https://domclick.ru/card/sale__flat__2058516205,,15,,,,Центральное,3,20 м2,,12690000₽,,,,,Свободная продажа,,2018,,52 м2,141000₽/м²,,,Монолитный,,,нет,ленинский,,,,Железобетонный,,
14,"48,4 м2",https://domclick.ru/card/sale__flat__2058811168,,17,,,,,1,"17,5 м2",,3830000₽,,,,II-14,Свободная продажа,,2017,,"12,2 м2",79132₽/м²,на улицу,,Панельный,,,нет,ленинский,,,,Железобетонный,есть,
2,"51,4 м2",https://domclick.ru/card/sale__flat__2056440451,,5,,,,,3,7 м2,,2499000₽,,есть,,v-кирпичный,Свободная продажа,,1972,,,48618₽/м²,во двор,,Кирпичный,,Требует ремонта,нет,ленинский,,,Ленточный,Железобетонный,,
5,"44,7 м2",https://domclick.ru/card/sale__flat__2059346065,нет,5,,1,,,2,"5,6 м2",,3350000₽,,есть,,,Свободная продажа,Совмещенный,1975,,,74944₽/м²,"во двор, на улицу",,Панельный,,Евро,,ленинский,,,,,,
9,"65,6 м2",https://domclick.ru/card/sale__flat__2058833771,есть,18,417,1,,Центральное,2,"17,4 м2",нет,4770000₽,3,нет,нет,,Свободная продажа,Совмещенный,2023,нет,"35,6 м2",72713₽/м²,"во двор, на улицу",,Панельный,2.7,Без ремонта,,ленинский,,,,Железобетонный,,
17,80 м2,https://domclick.ru/card/sale__flat__2059470167,нет,17,,2,,,3,12 м2,нет,7200000₽,1,есть,нет,индивидуальный проект 11060.3.00-12-ас,Свободная продажа,Более одного,2012,нет,45 м2,90000₽/м²,во двор,,Панельный,,Евро,,ленинский,Больше пяти,,,Железобетонный,есть,1
3,"58,7 м2",https://domclick.ru/card/sale__flat__2059112970,нет,12,,1,,,2,,нет,4300000₽,2,нет,нет,,Свободная продажа,Раздельный,2024,нет,45 м2,73253₽/м²,,,Монолитный,2.7,Без ремонта,,ленинский,,,,,,
7,76 м2,https://domclick.ru/card/sale__flat__2058993867,есть,18,,,,Центральное,3,"21,3 м2",нет,6000840₽,3,нет,нет,,Переуступка,Совмещенный,2023,нет,32 м2,79000₽/м²,,,Монолитно-кирпичный,2.7,Без ремонта,нет,ленинский,,,,Железобетонный,,
8,37 м2,https://domclick.ru/card/sale__flat__2059257740,есть,17,359,1,,,1,9 м2,нет,3600000₽,3,нет,нет,,Свободная продажа,Совмещенный,2020,нет,19 м2,97297₽/м²,на парк,,Панельный,,Евро,,ленинский,От трех до пяти,,,Железобетонный,есть,1
7,47 м2,https://domclick.ru/card/sale__flat__2058316119,есть,14,,,,,2,22 м2,,5990000₽,2,нет,,,Свободная продажа,,2014,,14 м2,127446₽/м²,,,Кирпичный,,,нет,ленинский,,,,,,
12,"48,5 м2",https://domclick.ru/card/sale__flat__2058536325,есть,17,276,1,,,2,1 м2,нет,4950000₽,3,есть,нет,1-панельный,Свободная продажа,Совмещенный,2015,нет,18 м2,102061₽/м²,во двор,,Панельный,,Дизайнерский,,ленинский,Больше пяти,,,,есть,1
9,"61,6 м2",https://domclick.ru/card/sale__flat__2059582773,нет,10,,1,,,2,7 м2,нет,4650000₽,1,нет,нет,,Свободная продажа,Совмещенный,2007,нет,34 м2,75487₽/м²,во двор,,Смешанные,2.5,Евро,,ленинский,,,Бетонные столбы,Железобетонный,есть,
1,153 м2,https://domclick.ru/card/sale__flat__1719016445,нет,3,,1,,Открытая с отбором сетевой воды на горячее водоснабжение из тепловой сети,5,18 м2,нет,13200000₽,,есть,нет,,Свободная продажа,Более одного,1998,нет,100 м2,86274₽/м²,"во двор, на парк",,Кирпичный,3,Евро,,ленинский,Больше пяти,,Ленточный,Железобетонный,,1
2,44 м2,https://domclick.ru/card/sale__flat__1943692047,,9,,,,,2,7 м2,,3150000₽,1,есть,,v-кирпичный,Свободная продажа,,1982,,29 м2,71590₽/м²,,,Кирпичный,,,нет,ленинский,,есть,,Железобетонный,есть,
3,46 м2,https://domclick.ru/card/sale__flat__2057502235,есть,17,,1,,Центральное,1,"13,5 м2",нет,3358000₽,2,нет,нет,,Свободная продажа,Совмещенный,2022,нет,"16,6 м2",73000₽/м²,,,Кирпичный,2.7,Без ремонта,,ленинский,Меньше трех,,,Железобетонный,есть,1
2,"71,6 м2",https://domclick.ru/card/sale__flat__2056137949,нет,3,,1,,,2,15 м2,,6099000₽,,есть,,,Свободная продажа,Раздельный,2014,,50 м2,85181₽/м²,"во двор, на улицу",,Блочный,,Евро,,ленинский,Больше пяти,,,,,1
8,"42,1 м2",https://domclick.ru/card/sale__flat__2059223440,,8,80,,,,1,9 м2,,3599000₽,1,,,v-кирпичный,Свободная продажа,,2013,,20 м2,85486₽/м²,во двор,,Кирпичный,2.7,косметический,нет,ленинский,,,,,есть,
1,"87,9 м2",https://domclick.ru/card/sale__flat__2058954476,нет,4,,,3,Газовая колонка,4,"9,2 м2",,7000000₽,,есть,,v-кирпичный,Свободная продажа,Раздельный,1939,,"58,3 м2",79635₽/м²,"во двор, на парк, на улицу",,Кирпичный,3,Евро,нет,ленинский,От трех до пяти,,,Железобетонный,,1
1,40 м2,https://domclick.ru/card/sale__flat__1909630500,,10,,1,,,1,6 м2,,3150000₽,,есть,,"14/14, индивидуальный",,,1988,,,78750₽/м²,,,Панельный,,Косметический,,ленинский,,,,Железобетонный,есть,
3,58 м2,https://domclick.ru/card/sale__flat__2058743263,есть,14,,2,,,3,10 м2,,4750000₽,2,нет,,v-кирпичный,Свободная продажа,Раздельный,1988,,40 м2,81896₽/м²,,,Кирпичный,2.7,Евро,,ленинский,От трех до пяти,есть,,Железобетонный,есть,1
3,27 м2,https://domclick.ru/card/sale__flat__2059116383,нет,17,391,1,,,,5 м2,нет,2280000₽,1,нет,нет,,Переуступка,Совмещенный,2021,нет,12 м2,84444₽/м²,,,Панельный,2.7,Без ремонта,,ленинский,Меньше трех,,,Железобетонный,есть,1
1,"56,1 м2",https://domclick.ru/card/sale__flat__2059027097,,17,,1,,,2,12 м2,,4700000₽,1,есть,,индивидуальный проект 11060.3.00-12-ас,Свободная продажа,,2012,,33 м2,83778₽/м²,во двор,,Панельный,2.7,евроремонт,,ленинский,,есть,,Железобетонный,есть,
5,42 м2,https://domclick.ru/card/sale__flat__2059208352,нет,5,80,,3,,2,"5,5 м2",нет,3320000₽,,есть,нет,1-447,Свободная продажа,,1964,нет,28 м2,79047₽/м²,,,Кирпичный,,,нет,ленинский,Больше пяти,,,Железобетонный,,3
9,"41,6 м2",https://domclick.ru/card/sale__flat__2059177157,,9,,1,,,1,10 м2,,2550000₽,1,есть,,а монолитный,Свободная продажа,,1993,,20 м2,61298₽/м²,,,Монолитный,,косметический,,ленинский,,есть,,Железобетонный,есть,
4,45 м2,https://domclick.ru/card/sale__flat__2056683359,,5,100,1,,,2,6 м2,,1990000₽,,есть,,"i, блочный",Свободная продажа,,1973,,,44222₽/м²,"во двор, на улицу",,Блочный,,Требует ремонта,,ленинский,,,,Железобетонный,,
1,"93,4 м2",https://domclick.ru/card/sale__flat__2057501247,,4,,,,,3,11 м2,,10500000₽,,есть,,v-кирпичный,Свободная продажа,,1936,,70 м2,112419₽/м²,,,Кирпичный,,,нет,ленинский,,,Ленточный,Железобетонный,,
12,22 м2,https://domclick.ru/card/sale__flat__2057361788,есть,14,332,1,,Центральное,,,нет,2770000₽,3,нет,нет,,Свободная продажа,Совмещенный,2022,нет,,125909₽/м²,,,Панельный,,Косметический,,ленинский,,,,Железобетонный,,
8,61 м2,https://domclick.ru/card/sale__flat__2059552450,нет,9,,2,,Центральное,3,,,5000000₽,1,есть,,,Свободная продажа,Раздельный,1979,,,81967₽/м²,во двор,,Кирпичный,2.5,Косметический,,ленинский,,,,Железобетонный,,
1,51 м2,https://domclick.ru/card/sale__flat__2057032249,,9,,1,,,2,8 м2,,3999000₽,1,есть,,1-панельный,Свободная продажа,,1982,,,78411₽/м²,на улицу,,Панельный,,Хороший,,ленинский,,есть,,Железобетонный,есть,
11,"21,8 м2",https://domclick.ru/card/sale__flat__2055937369,,17,359,1,,,,6 м2,,2299000₽,1,нет,,,Свободная продажа,,2019,,"15,8 м2",105458₽/м²,на улицу,,Панельный,,косметический,,ленинский,,,,Железобетонный,есть,
5,68 м2,https://domclick.ru/card/sale__flat__1619577950,нет,5,,1,,,3,9 м2,нет,3650000₽,,есть,нет,,Свободная продажа,Раздельный,1979,нет,40 м2,53676₽/м²,во двор,,Панельный,2.7,Евро,,ленинский,Больше пяти,,,,,2
1,"49,9 м2",https://domclick.ru/card/sale__flat__2059532946,нет,9,,1,,,2,,,3900000₽,1,есть,,1-панельный,Свободная продажа,Совмещенный,1982,,35 м2,78156₽/м²,во двор,,Панельный,2.7,Дизайнерский,,ленинский,,есть,,Железобетонный,есть,3
3,"38,9 м2",https://domclick.ru/card/sale__flat__2058713102,нет,12,99,1,,,1,10 м2,нет,4000000₽,1,нет,нет,,Свободная продажа,,2014,нет,17 м2,102827₽/м²,во двор,,Смешанные,2.5,Косметический,,ленинский,Больше пяти,,,Железобетонный,есть,1
7,"50,1 м2",https://domclick.ru/card/sale__flat__2058869105,нет,9,,1,,,2,9 м2,нет,3650000₽,1,есть,нет,1-панельный,Свободная продажа,Раздельный,1982,нет,"29,5 м2",72854₽/м²,на улицу,,Панельный,2.7,Косметический,,ленинский,Больше пяти,есть,,Железобетонный,есть,1
9,"38,9 м2",https://domclick.ru/card/sale__flat__2058742760,есть,15,,1,1,,1,12 м2,нет,3100000₽,2,есть,нет,,Свободная продажа,Совмещенный,2015,нет,18 м2,79691₽/м²,во двор,,Кирпичный,,Дизайнерский,,ленинский,Больше пяти,,Иной,Железобетонный,есть,1
14,45 м2,https://domclick.ru/card/sale__flat__2059528608,есть,15,,1,,Центральное,1,14 м2,нет,4450000₽,4,нет,нет,,Свободная продажа,Совмещенный,2018,нет,18 м2,98888₽/м²,,,Монолитный,,Евро,,ленинский,Больше пяти,,,Железобетонный,,1
4,"67,1 м2",https://domclick.ru/card/sale__flat__2054482691,нет,9,,1,,,3,"7,6 м2",нет,5150000₽,1,есть,нет,а-литер,Свободная продажа,Раздельный,1984,нет,"42,4 м2",76751₽/м²,"во двор, на улицу",,Панельный,2.8,Евро,,ленинский,Меньше трех,,,Железобетонный,есть,1
1,"51,1 м2",https://domclick.ru/card/sale__flat__2057814104,,3,,1,,,1,15 м2,,4750000₽,,есть,,индивидуальный проект 872/3-2012,Свободная продажа,,2013,,30 м2,92954₽/м²,во двор,,Блочный,,,,ленинский,,,Ленточный,Смешанный,,
13,46 м2,https://domclick.ru/card/sale__flat__2056598990,нет,17,,1,,,1,14 м2,нет,3570000₽,1,нет,нет,а-литер,Свободная продажа,Совмещенный,2009,нет,18 м2,77608₽/м²,"во двор, на улицу",,Смешанные,2.7,Косметический,,ленинский,Больше пяти,,,Железобетонный,есть,2
5,"59,3 м2",https://domclick.ru/card/sale__flat__2055789825,нет,14,117,2,,,2,,нет,5090000₽,2,нет,нет,,Свободная продажа,Раздельный,2011,нет,35 м2,85834₽/м²,во двор,,Смешанные,,Евро,,ленинский,Больше пяти,,,Железобетонный,есть,2
1,47 м2,https://domclick.ru/card/sale__flat__2058201574,,17,,1,,,1,15 м2,,3500000₽,1,,,а-литер,Свободная продажа,,2009,,27 м2,74468₽/м²,,,Смешанные,3,косметический,,ленинский,,,,Железобетонный,есть,
6,"26,3 м2",https://domclick.ru/card/sale__flat__2059491607,есть,17,,1,,,,5 м2,нет,2450000₽,3,есть,нет,,Свободная продажа,Совмещенный,2014,нет,"8,2 м2",93333₽/м²,во двор,,Панельный,2.7,Косметический,,ленинский,,,,,,
2,"45,1 м2",https://domclick.ru/card/sale__flat__1703739225,есть,17,,1,,Центральное,1,,нет,3382500₽,3,,нет,,Свободная продажа,Совмещенный,2022,нет,17 м2,75000₽/м²,во двор,,Кирпичный,2.7,Без ремонта,,ленинский,,,,Железобетонный,есть,1
11,"36,6 м2",https://domclick.ru/card/sale__flat__2058012810,нет,17,,1,,,1,11 м2,,3560000₽,1,нет,,индивидуальный проект 13821.0.00-18,Свободная продажа,Совмещенный,2015,,20 м2,97267₽/м²,во двор,,Панельный,,Евро,,ленинский,,,,Железобетонный,есть,
11,69 м2,https://domclick.ru/card/sale__flat__2056469364,есть,20,568,1,,,2,10 м2,,7200000₽,2,,,,,,2016,,45 м2,104347₽/м²,,,Смешанные,2.7,евроремонт,,ленинский,,,,Железобетонный,есть,
7,"60,2 м2",https://domclick.ru/card/sale__flat__2058926907,нет,9,,2,,,3,7 м2,нет,4000000₽,1,есть,нет,v-кирпичный,Свободная продажа,Раздельный,1975,нет,"37,2 м2",66445₽/м²,"во двор, на улицу",,Кирпичный,,Без ремонта,,ленинский,Больше пяти,есть,,Железобетонный,есть,1
8,"36,6 м2",https://domclick.ru/card/sale__flat__2011921521,есть,17,482,1,1,,1,,нет,3650000₽,3,нет,нет,13392.0.00-06-иэк,Свободная продажа,Совмещенный,2016,нет,14 м2,99726₽/м²,во двор,,Панельный,2.7,Евро,,ленинский,Больше пяти,,,,есть,1
6,43 м2,https://domclick.ru/card/sale__flat__2059292222,есть,10,,1,,,2,"15,3 м2",нет,3130000₽,3,есть,нет,индивидуальный проект 13392.0.00-01,Свободная продажа,Совмещенный,2015,нет,13 м2,72790₽/м²,во двор,,Панельный,2.7,Косметический,,ленинский,,,,Железобетонный,есть,
6,"57,2 м2",https://domclick.ru/card/sale__flat__2059217629,есть,16,,1,,,2,"10,8 м2",,6250000₽,2,нет,,v-кирпичный,Свободная продажа,Раздельный,2007,,"31,1 м2",109265₽/м²,на улицу,,Смешанные,,Евро,,ленинский,,,,Железобетонный,есть,
5,"97,4 м2",https://domclick.ru/card/sale__flat__1706938887,,6,,1,,,4,12 м2,,5750000₽,,есть,,"14/14, индивидуальный",,,1993,,,59034₽/м²,,,Кирпичный,,Дизайнерский,,ленинский,,,Бетонные столбы,Железобетонный,,
2,"15,7 м2",https://domclick.ru/card/sale__flat__2058252023,,3,,,,Поквартирный котел,1,"6,7 м2",,1200000₽,,,,,Свободная продажа,,1917,,9 м2,76433₽/м²,во двор,,Кирпичный,3.8,Требует ремонта,нет,ленинский,,,,Деревянный,,
5,28 м2,https://domclick.ru/card/sale__flat__2055961742,нет,17,371,,,Центральное,,,нет,2280000₽,,нет,нет,,Свободная продажа,,2023,нет,16 м2,81428₽/м²,,,Панельный,,,нет,ленинский,,,,Железобетонный,,
4,41 м2,https://domclick.ru/card/sale__flat__2059566839,есть,17,,,,,1,18 м2,,4000000₽,1,нет,,,Свободная продажа,,2020,,12 м2,97560₽/м²,,,Панельный,,,нет,ленинский,,,,,,
5,"66,6 м2",https://domclick.ru/card/sale__flat__1965334720,есть,17,,1,,Центральное,2,"18,4 м2",нет,5415200₽,3,нет,нет,,Переуступка,Совмещенный,2022,нет,31 м2,81309₽/м²,во двор,,Кирпичный,2.7,Без ремонта,,ленинский,,,,Железобетонный,есть,
